,Mean Chronology  (Calibrated BP - 1950) ,Wild Terrestrial Fauna ,Avian Fauna ,Aquatic Fauna,Indet. Bones,Bovids,Cattle (Bos taurus/indicus),Sheep/Goat (Ovis/Capra Indet.),Iron Smelting,Iron Use,Ceramics,coastalforestmosaic,drycoastalwoodedgrassland,drynorthernwoodedgrassland,drysouthernwoodedgrassland,forest/wood/grasslandmosaic,montaneforest,comoros,kenya,madagascar,rwanda,tanzania
0,1470.0,0,0,0,0,0,0,0,0,0,1,0,0,0,0,1,0,0,0,0,1,0
1,1475.5,0,0,0,0,0,0,0,0,1,1,0,0,0,0,1,0,0,0,0,1,0
2,1562.5,0,0,0,0,0,0,0,0,0,1,0,0,0,0,1,0,0,0,0,1,0
3,1608.5,0,0,0,0,0,0,0,0,0,1,0,0,0,0,1,0,0,0,0,1,0
4,1193.5,1,0,0,0,1,1,0,0,0,1,0,0,0,0,1,0,0,0,0,1,0
5,846.0,1,0,0,0,1,1,1,0,0,1,0,0,0,0,1,0,0,0,0,1,0
6,863.0,1,0,0,0,1,1,1,0,0,1,0,0,0,0,1,0,0,0,0,1,0
7,846.5,1,0,0,0,1,1,1,0,1,1,0,0,0,0,1,0,0,0,0,1,0
8,845.0,1,0,0,0,1,1,1,0,1,1,0,0,0,0,1,0,0,0,0,1,0
9,830.0,1,0,0,0,1,1,1,0,1,1,0,0,0,0,1,0,0,0,0,1,0
10,1456.0,0,0,0,0,0,0,0,1,0,0,0,0,0,0,1,0,0,0,0,1,0
11,1267.5,0,0,0,0,0,0,0,1,0,0,0,0,0,0,1,0,0,0,0,1,0
12,1506.5,0,0,0,0,0,0,0,1,0,0,0,0,0,0,1,0,0,0,0,1,0
13,1617.0,0,0,0,0,0,0,0,1,0,0,0,0,0,0,1,0,0,0,0,1,0
14,2029.0,0,0,0,0,0,0,0,1,0,0,0,0,0,0,1,0,0,0,0,1,0
15,1306.5,0,0,0,0,0,0,0,1,0,0,0,0,0,0,1,0,0,0,0,1,0
16,2161.5,0,0,0,0,0,0,0,1,0,0,0,0,0,0,1,0,0,0,0,1,0
17,1536.5,0,0,0,0,0,0,0,1,0,1,0,0,0,0,1,0,0,0,0,1,0
18,1589.5,0,0,0,0,0,0,0,1,0,0,0,0,0,0,1,0,0,0,0,1,0
19,1531.0,0,0,0,0,0,0,0,1,0,0,0,0,0,0,1,0,0,0,0,1,0
20,1095.5,1,1,0,0,1,0,1,1,1,1,1,0,0,0,0,0,0,1,0,0,0
21,875.5,1,1,1,0,1,1,1,0,0,1,1,0,0,0,0,0,0,1,0,0,0
22,953.0,1,1,1,0,1,1,1,0,0,1,1,0,0,0,0,0,0,1,0,0,0
23,847.0,1,1,1,0,1,1,1,0,0,1,1,0,0,0,0,0,0,1,0,0,0
24,952.5,1,1,1,0,1,1,1,0,0,1,1,0,0,0,0,0,0,1,0,0,0
25,809.5,1,1,1,0,1,1,1,0,1,1,1,0,0,0,0,0,0,1,0,0,0
26,1307.5,0,0,0,0,0,0,0,1,1,1,1,0,0,0,0,0,0,1,0,0,0
27,658.5,0,0,0,0,0,0,0,1,1,1,1,0,0,0,0,0,0,1,0,0,0
28,1152.5,0,0,0,0,0,0,0,1,1,1,1,0,0,0,0,0,0,1,0,0,0
29,1567.0,0,0,0,0,0,0,0,1,1,1,1,0,0,0,0,0,0,1,0,0,0
30,1585.5,0,0,0,0,0,0,0,1,1,1,1,0,0,0,0,0,0,1,0,0,0
31,1711.5,0,0,0,0,0,0,0,1,1,1,1,0,0,0,0,0,0,1,0,0,0
32,1697.5,0,0,0,0,0,0,0,1,1,1,1,0,0,0,0,0,0,1,0,0,0
33,1100.0,1,0,1,0,1,0,0,0,0,1,1,0,0,0,0,0,0,1,0,0,0
34,762.5,0,0,0,0,0,0,0,1,1,1,1,0,0,0,0,0,0,1,0,0,0
35,1073.0,0,0,0,0,0,0,0,1,1,1,1,0,0,0,0,0,0,1,0,0,0
36,494.0,0,0,0,0,0,0,0,1,1,1,1,0,0,0,0,0,0,1,0,0,0
37,1504.5,0,0,0,0,0,0,0,1,1,1,1,0,0,0,0,0,0,1,0,0,0
38,1087.0,1,1,1,1,1,1,1,0,0,1,1,0,0,0,0,0,0,1,0,0,0
39,524.0,0,0,0,0,0,0,0,0,0,1,1,0,0,0,0,0,0,1,0,0,0
40,528.0,0,0,0,0,0,0,0,0,0,1,1,0,0,0,0,0,0,1,0,0,0
41,409.5,1,1,0,1,1,0,0,0,0,0,1,0,0,0,0,0,0,1,0,0,0
42,1076.0,0,0,0,0,0,0,0,0,0,1,1,0,0,0,0,0,0,1,0,0,0
43,1071.5,0,0,0,0,0,0,0,0,0,1,1,0,0,0,0,0,0,1,0,0,0
44,1116.0,0,0,0,0,0,0,0,0,0,1,1,0,0,0,0,0,0,1,0,0,0
45,1182.5,0,0,0,1,0,0,0,1,0,1,1,0,0,0,0,0,0,1,0,0,0
46,397.0,1,0,0,0,1,1,0,0,0,0,1,0,0,0,0,0,0,1,0,0,0
47,578.0,1,1,1,0,1,1,1,1,1,1,1,0,0,0,0,0,0,1,0,0,0
48,487.5,1,0,0,0,0,0,0,0,0,0,1,0,0,0,0,0,0,1,0,0,0
49,1069.5,0,0,0,0,0,0,0,0,0,1,1,0,0,0,0,0,0,1,0,0,0
50,859.5,0,0,0,0,0,0,0,0,0,1,1,0,0,0,0,0,0,1,0,0,0
51,720.5,0,0,0,0,0,0,0,0,0,1,1,0,0,0,0,0,0,1,0,0,0
52,1067.0,0,0,0,0,0,0,0,0,0,1,1,0,0,0,0,0,0,1,0,0,0
53,613.0,0,0,0,0,0,0,0,0,0,1,1,0,0,0,0,0,0,1,0,0,0
54,997.0,0,0,0,0,0,0,0,0,0,1,1,0,0,0,0,0,0,1,0,0,0
55,787.5,0,0,0,0,0,0,0,0,0,1,1,0,0,0,0,0,0,1,0,0,0
56,1132.0,0,0,0,0,0,0,0,0,0,1,1,0,0,0,0,0,0,1,0,0,0
57,1070.0,0,0,0,0,0,0,0,0,0,1,1,0,0,0,0,0,0,1,0,0,0
58,1067.0,0,0,0,0,0,0,0,0,0,1,1,0,0,0,0,0,0,1,0,0,0
59,1008.0,0,0,0,0,0,0,0,0,0,1,1,0,0,0,0,0,0,1,0,0,0
60,929.5,0,0,0,0,0,0,0,0,0,1,1,0,0,0,0,0,0,1,0,0,0
61,869.5,0,0,0,0,0,0,0,0,0,1,1,0,0,0,0,0,0,1,0,0,0
62,1069.0,0,0,0,0,0,0,0,0,0,1,1,0,0,0,0,0,0,1,0,0,0
63,1067.0,0,0,0,0,0,0,0,0,0,1,1,0,0,0,0,0,0,1,0,0,0
64,997.0,0,0,0,0,0,0,0,0,0,1,1,0,0,0,0,0,0,1,0,0,0
65,1048.5,1,1,1,0,1,1,1,1,1,1,1,0,0,0,0,0,0,1,0,0,0
66,1352.5,1,1,1,0,1,1,1,1,1,1,1,0,0,0,0,0,0,1,0,0,0
67,1117.0,1,1,1,0,1,1,1,1,1,1,1,0,0,0,0,0,0,1,0,0,0
68,588.0,0,0,0,0,0,0,0,0,0,1,1,0,0,0,0,0,0,1,0,0,0
69,588.0,0,0,0,0,0,0,0,0,0,1,1,0,0,0,0,0,0,1,0,0,0
70,594.0,0,0,0,0,0,0,0,0,0,1,1,0,0,0,0,0,0,1,0,0,0
71,599.5,0,0,0,0,0,0,0,0,0,1,1,0,0,0,0,0,0,1,0,0,0
72,2966.5,0,0,0,0,0,0,0,0,0,1,1,0,0,0,0,0,0,1,0,0,0
73,4097.5,0,0,0,0,0,0,0,0,0,1,1,0,0,0,0,0,0,1,0,0,0
74,473.5,0,0,0,0,0,0,0,0,0,1,1,0,0,0,0,0,0,1,0,0,0
75,473.5,0,0,0,0,0,0,0,0,0,1,1,0,0,0,0,0,0,1,0,0,0
76,473.5,0,0,0,0,0,0,0,0,0,1,1,0,0,0,0,0,0,1,0,0,0
77,473.5,0,0,0,0,0,0,0,0,0,1,1,0,0,0,0,0,0,1,0,0,0
78,477.0,0,0,0,0,0,0,0,0,0,1,1,0,0,0,0,0,0,1,0,0,0
79,484.0,0,0,0,0,0,0,0,0,0,1,1,0,0,0,0,0,0,1,0,0,0
80,488.0,0,0,0,0,0,0,0,0,0,1,1,0,0,0,0,0,0,1,0,0,0
81,330.0,0,0,0,0,0,0,0,0,0,1,1,0,0,0,0,0,0,1,0,0,0
82,330.0,0,0,0,0,0,0,0,0,0,1,1,0,0,0,0,0,0,1,0,0,0
83,333.0,0,0,0,0,0,0,0,0,0,1,1,0,0,0,0,0,0,1,0,0,0
84,335.0,0,0,0,0,0,0,0,0,0,1,1,0,0,0,0,0,0,1,0,0,0
85,336.0,0,0,0,0,0,0,0,0,0,1,1,0,0,0,0,0,0,1,0,0,0
86,402.0,0,0,0,0,0,0,0,0,0,1,1,0,0,0,0,0,0,1,0,0,0
87,782.5,0,0,0,0,0,0,0,0,0,0,1,0,0,0,0,0,0,1,0,0,0
88,4844.0,1,1,1,0,1,1,1,0,0,1,0,0,1,0,0,0,0,1,0,0,0
89,4671.0,1,1,1,0,1,1,1,0,0,1,0,0,1,0,0,0,0,1,0,0,0
90,4226.5,1,1,1,0,1,1,1,0,0,1,0,0,1,0,0,0,0,1,0,0,0
91,4673.0,1,1,1,0,1,1,1,0,0,1,0,0,1,0,0,0,0,1,0,0,0
92,4795.0,1,1,1,0,1,1,1,0,0,1,0,0,1,0,0,0,0,1,0,0,0
93,4701.0,1,1,1,0,1,1,1,0,0,1,0,0,1,0,0,0,0,1,0,0,0
94,4943.0,1,1,1,0,1,1,1,0,0,1,0,0,1,0,0,0,0,1,0,0,0
95,4751.0,1,1,1,0,1,1,1,0,0,1,0,0,1,0,0,0,0,1,0,0,0
96,4847.0,1,0,1,1,1,0,0,0,0,0,0,0,1,0,0,0,0,1,0,0,0
97,4842.5,1,1,0,0,0,0,0,0,0,1,0,0,1,0,0,0,0,1,0,0,0
98,4743.0,1,1,0,0,0,0,0,0,0,1,0,0,1,0,0,0,0,1,0,0,0
99,4709.5,0,0,0,0,0,0,0,0,0,1,0,0,1,0,0,0,0,1,0,0,0
100,4701.0,0,0,0,0,0,0,0,0,0,1,0,0,1,0,0,0,0,1,0,0,0
101,4667.5,0,0,0,0,0,0,0,0,0,1,0,0,1,0,0,0,0,1,0,0,0
102,5056.0,1,1,0,0,0,0,0,0,0,1,0,0,1,0,0,0,0,1,0,0,0
103,4946.0,1,1,0,0,0,0,0,0,0,1,0,0,1,0,0,0,0,1,0,0,0
104,4743.5,1,1,0,0,0,0,0,0,0,1,0,0,1,0,0,0,0,1,0,0,0
105,4641.0,1,1,0,0,0,0,0,0,0,1,0,0,1,0,0,0,0,1,0,0,0
106,4299.0,1,1,1,1,0,0,0,0,0,0,0,0,1,0,0,0,0,1,0,0,0
107,4756.5,1,1,1,0,0,0,0,0,0,1,0,0,1,0,0,0,0,1,0,0,0
108,4165.5,1,1,1,1,0,0,0,0,0,1,0,0,1,0,0,0,0,1,0,0,0
109,4684.0,1,1,1,1,1,0,0,0,0,1,0,0,1,0,0,0,0,1,0,0,0
110,5133.5,0,1,0,0,0,0,0,0,0,1,0,0,1,0,0,0,0,1,0,0,0
111,3615.5,1,1,1,0,1,0,0,0,0,1,0,0,1,0,0,0,0,1,0,0,0
112,3346.5,1,1,1,0,1,0,0,0,0,1,0,0,1,0,0,0,0,1,0,0,0
113,1240.5,1,1,0,0,0,0,0,0,0,1,0,0,1,0,0,0,0,1,0,0,0
114,1213.5,0,0,0,0,0,0,0,0,0,0,0,0,0,0,0,1,0,1,0,0,0
115,435.5,0,0,0,0,0,0,0,0,0,1,0,0,0,0,0,1,0,1,0,0,0
116,2350.0,1,0,0,0,1,1,1,0,0,1,0,0,0,0,0,1,0,1,0,0,0
117,2650.0,1,0,0,0,1,1,1,0,0,1,0,0,0,0,0,1,0,1,0,0,0
118,2608.5,0,0,0,0,1,0,1,0,0,1,0,0,0,0,0,1,0,1,0,0,0
119,2644.0,0,0,0,0,1,0,1,0,0,1,0,0,0,0,0,1,0,1,0,0,0
120,2950.0,0,0,0,0,1,0,1,0,0,1,0,0,0,0,0,1,0,1,0,0,0
121,2312.0,0,0,0,0,1,0,1,0,0,1,0,0,0,0,0,1,0,1,0,0,0
122,2565.0,0,0,0,0,1,0,1,0,0,1,0,0,0,0,0,1,0,1,0,0,0
123,2972.5,0,0,0,0,0,0,0,0,0,1,0,0,0,0,0,1,0,1,0,0,0
124,2773.5,0,0,0,0,0,0,0,0,0,1,0,0,0,0,0,1,0,1,0,0,0
125,3489.5,0,0,0,0,1,0,1,0,0,1,0,0,0,0,0,1,0,1,0,0,0
126,3640.0,1,0,0,0,1,1,1,0,0,0,0,0,0,0,0,1,0,1,0,0,0
127,3336.5,0,0,0,0,0,0,0,0,0,0,0,0,0,0,0,1,0,1,0,0,0
128,3265.0,1,0,0,0,0,0,0,0,0,1,0,0,0,0,0,1,0,1,0,0,0
129,3174.0,1,0,0,0,0,0,0,0,0,1,0,0,0,0,0,1,0,1,0,0,0
130,4477.0,1,0,0,0,1,0,1,0,0,1,0,0,0,0,0,1,0,1,0,0,0
131,5061.0,1,0,0,0,0,0,0,0,0,1,0,0,0,0,0,1,0,1,0,0,0
132,5126.5,1,0,0,0,0,0,0,0,0,0,0,0,0,0,0,1,0,1,0,0,0
133,5532.0,1,0,0,0,1,0,0,0,0,1,0,0,0,0,0,1,0,1,0,0,0
134,586.0,1,1,0,1,1,0,1,0,0,1,0,0,1,0,0,0,0,1,0,0,0
135,1230.0,1,1,0,1,1,0,1,0,0,1,0,0,1,0,0,0,0,1,0,0,0
136,1450.0,1,1,0,1,1,0,1,0,0,1,0,0,1,0,0,0,0,1,0,0,0
137,4106.0,1,1,0,1,1,0,1,0,0,1,0,0,1,0,0,0,0,1,0,0,0
138,4729.0,1,1,0,1,1,0,1,0,0,1,0,0,1,0,0,0,0,1,0,0,0
139,4527.0,1,1,1,1,1,1,1,0,0,1,0,0,1,0,0,0,0,1,0,0,0
140,4362.5,1,1,1,1,1,1,1,0,0,1,0,0,1,0,0,0,0,1,0,0,0
141,4404.0,1,1,1,1,1,1,1,0,0,1,0,0,1,0,0,0,0,1,0,0,0
142,4686.0,0,0,0,0,0,0,0,0,0,0,0,0,1,0,0,0,0,1,0,0,0
143,4684.5,0,0,0,0,0,0,0,0,0,0,0,0,1,0,0,0,0,1,0,0,0
144,4724.5,0,0,0,0,0,0,0,0,0,0,0,0,1,0,0,0,0,1,0,0,0
145,4685.5,0,0,0,0,0,0,0,0,0,0,0,0,1,0,0,0,0,1,0,0,0
146,4366.5,1,0,1,0,1,1,1,0,0,0,0,0,1,0,0,0,0,1,0,0,0
147,4684.5,1,0,1,0,1,1,1,0,0,0,0,0,1,0,0,0,0,1,0,0,0
148,2589.0,1,1,1,1,1,1,1,0,0,1,0,0,1,0,0,0,0,1,0,0,0
149,3979.0,0,0,0,0,0,0,0,0,0,0,0,0,1,0,0,0,0,1,0,0,0
150,5154.5,0,0,1,0,0,0,0,0,0,1,0,0,1,0,0,0,0,1,0,0,0
151,3671.0,0,0,0,0,0,0,0,0,0,0,0,0,1,0,0,0,0,1,0,0,0
152,5239.0,0,0,0,0,0,0,0,0,0,0,0,0,1,0,0,0,0,1,0,0,0
153,3306.5,0,0,0,0,0,0,0,0,0,0,0,0,1,0,0,0,0,1,0,0,0
154,4139.0,1,1,1,1,0,0,0,0,0,1,0,0,1,0,0,0,0,1,0,0,0
155,1279.0,0,0,0,0,0,0,0,0,0,0,0,0,1,0,0,0,0,1,0,0,0
156,839.0,1,1,1,1,1,1,0,0,0,1,0,0,1,0,0,0,0,1,0,0,0
157,4239.0,1,0,1,1,0,0,0,0,0,1,0,0,1,0,0,0,0,1,0,0,0
158,842.0,0,0,0,0,0,0,0,0,0,0,0,0,1,0,0,0,0,1,0,0,0
159,3426.5,1,0,1,1,1,0,0,0,0,1,0,0,1,0,0,0,0,1,0,0,0
160,4428.5,1,0,1,0,1,1,1,0,0,1,0,0,1,0,0,0,0,1,0,0,0
161,3670.5,1,0,1,0,1,1,0,0,0,1,0,0,1,0,0,0,0,1,0,0,0
162,4855.0,0,0,0,0,0,0,0,0,0,0,0,0,1,0,0,0,0,1,0,0,0
163,5238.5,1,0,1,0,1,1,0,0,0,1,0,0,1,0,0,0,0,1,0,0,0
164,5797.5,0,0,0,0,0,0,0,0,0,0,0,0,1,0,0,0,0,1,0,0,0
165,2803.5,0,0,0,0,0,0,0,0,0,1,0,0,1,0,0,0,0,1,0,0,0
166,590.5,0,0,0,0,0,0,0,1,0,1,0,0,1,0,0,0,0,1,0,0,0
167,474.5,0,0,0,1,0,0,0,0,0,1,0,0,1,0,0,0,0,1,0,0,0
168,217.5,0,0,0,1,1,1,1,1,0,1,0,0,1,0,0,0,0,1,0,0,0
169,143.0,0,0,0,0,0,0,0,1,0,1,0,0,1,0,0,0,0,1,0,0,0
170,225.0,0,0,0,0,0,0,0,1,0,1,0,0,1,0,0,0,0,1,0,0,0
171,1349.0,1,1,0,1,1,1,1,0,0,1,0,0,1,0,0,0,0,1,0,0,0
172,405.0,0,0,0,1,0,0,0,0,0,0,0,0,1,0,0,0,0,1,0,0,0
173,143.0,0,0,0,1,0,0,0,0,0,0,0,0,1,0,0,0,0,1,0,0,0
174,3434.5,0,0,0,0,0,0,0,0,0,0,0,0,0,0,1,0,0,1,0,0,0
175,1365.5,0,0,0,0,0,0,0,0,0,0,0,0,0,0,1,0,0,1,0,0,0
176,2057.0,0,0,0,0,0,0,0,0,0,0,0,0,0,0,1,0,0,1,0,0,0
177,1314.5,1,0,1,1,1,1,1,0,0,1,0,0,0,0,1,0,0,1,0,0,0
178,1175.0,1,0,1,1,1,1,1,0,0,1,0,0,0,0,1,0,0,1,0,0,0
179,1328.5,1,0,1,0,1,1,1,0,0,1,0,0,0,0,1,0,0,1,0,0,0
180,1344.5,1,0,1,0,1,1,1,0,0,1,0,0,0,0,1,0,0,1,0,0,0
181,1622.0,1,0,1,0,1,1,1,0,0,1,0,0,0,0,1,0,0,1,0,0,0
182,1608.5,1,0,1,0,1,1,1,0,0,1,0,0,0,0,1,0,0,1,0,0,0
183,1624.5,1,0,1,0,1,1,1,0,0,1,0,0,0,0,1,0,0,1,0,0,0
184,1622.0,1,0,1,0,1,1,1,0,0,1,0,0,0,0,1,0,0,1,0,0,0
185,1712.5,1,1,1,0,1,1,1,0,0,1,0,0,0,0,1,0,0,1,0,0,0
186,4251.5,1,0,1,1,1,0,1,0,0,1,0,0,0,0,1,0,0,1,0,0,0
187,4111.0,1,0,1,1,1,0,1,0,0,1,0,0,0,0,1,0,0,1,0,0,0
188,4079.0,1,0,1,1,1,0,1,0,0,1,0,0,0,0,1,0,0,1,0,0,0
189,1913.5,1,0,1,0,1,0,1,0,0,1,0,0,0,0,1,0,0,1,0,0,0
190,1866.0,1,0,1,1,1,1,1,0,0,1,0,0,0,0,1,0,0,1,0,0,0
191,1437.5,1,1,1,0,1,1,1,1,0,1,0,0,0,0,1,0,0,1,0,0,0
192,3515.5,1,1,1,0,1,0,1,0,0,1,0,0,0,0,1,0,0,1,0,0,0
193,3442.5,1,1,1,0,1,0,1,0,0,1,0,0,0,0,1,0,0,1,0,0,0
194,143.0,0,0,0,0,0,0,0,0,0,0,0,0,0,0,1,0,0,1,0,0,0
195,141.0,0,0,0,0,0,0,0,0,0,0,0,0,0,0,1,0,0,1,0,0,0
196,3021.0,1,0,1,0,1,0,0,0,0,1,0,0,0,0,1,0,0,1,0,0,0
197,3010.0,1,0,1,0,1,0,0,0,0,1,0,0,0,0,1,0,0,1,0,0,0
198,301.5,0,0,0,0,0,0,0,0,0,1,0,0,0,0,1,0,0,1,0,0,0
199,303.5,0,0,0,0,0,0,0,0,0,1,0,0,0,0,1,0,0,1,0,0,0
200,3164.0,0,0,0,0,0,0,0,0,0,1,0,0,0,0,1,0,0,1,0,0,0
201,298.0,0,0,0,0,0,0,0,0,0,1,0,0,0,0,1,0,0,1,0,0,0
202,3725.5,0,0,0,0,0,0,0,0,0,1,0,0,0,0,1,0,0,1,0,0,0
203,3613.0,1,0,1,0,0,0,0,0,0,1,0,0,0,0,1,0,0,1,0,0,0
204,1804.5,1,0,1,0,0,0,0,0,1,0,0,0,0,0,1,0,0,1,0,0,0
205,1570.5,1,0,1,0,1,1,1,0,0,1,0,0,0,0,1,0,0,1,0,0,0
206,1645.0,1,0,1,0,1,1,1,0,0,1,0,0,0,0,1,0,0,1,0,0,0
207,1913.0,1,0,1,0,1,1,1,0,0,1,0,0,0,0,1,0,0,1,0,0,0
208,3161.5,1,0,1,0,0,0,0,0,1,1,0,0,0,0,1,0,0,1,0,0,0
209,3362.5,1,0,0,0,1,1,0,0,0,1,0,0,0,0,1,0,0,1,0,0,0
210,2617.0,1,0,1,0,0,0,0,0,1,1,0,0,0,0,1,0,0,1,0,0,0
211,1920.0,1,0,1,0,1,1,1,0,0,1,0,0,0,0,1,0,0,1,0,0,0
212,2474.0,1,0,1,0,0,0,0,0,0,1,0,0,0,0,1,0,0,1,0,0,0
213,2096.0,1,0,1,0,0,0,0,0,0,1,0,0,0,0,1,0,0,1,0,0,0
214,1942.0,1,0,0,0,1,1,1,0,0,1,0,0,0,0,1,0,0,1,0,0,0
215,1940.0,0,0,1,0,1,1,1,0,0,1,0,0,0,0,1,0,0,1,0,0,0
216,3849.5,1,1,0,1,1,0,0,0,0,1,0,0,0,0,1,0,0,1,0,0,0
217,720.0,1,0,0,0,1,0,0,1,1,1,0,0,0,0,1,0,0,1,0,0,0
218,725.0,1,0,0,0,1,0,0,1,1,1,0,0,0,0,1,0,0,1,0,0,0
219,725.5,1,0,0,0,1,0,0,1,1,1,0,0,0,0,1,0,0,1,0,0,0
220,736.5,1,0,0,0,1,0,0,1,1,1,0,0,0,0,1,0,0,1,0,0,0
221,796.5,1,0,0,0,1,0,0,1,1,1,0,0,0,0,1,0,0,1,0,0,0
222,702.5,1,0,0,1,1,0,0,1,1,1,0,0,0,0,1,0,0,1,0,0,0
223,760.0,1,0,0,0,1,0,0,1,1,1,0,0,0,0,1,0,0,1,0,0,0
224,854.0,1,0,0,0,1,0,0,1,1,1,0,0,0,0,1,0,0,1,0,0,0
225,858.5,1,0,0,1,1,1,0,1,1,1,0,0,0,0,1,0,0,1,0,0,0
226,1613.0,1,0,0,0,1,0,0,1,1,1,0,0,0,0,1,0,0,1,0,0,0
227,2232.5,1,1,0,1,1,1,0,1,1,1,0,0,0,0,1,0,0,1,0,0,0
228,839.0,1,0,0,0,1,0,0,1,1,1,0,0,0,0,1,0,0,1,0,0,0
229,154.5,1,0,0,0,1,0,0,1,1,1,0,0,0,0,1,0,0,1,0,0,0
230,217.5,1,0,0,0,1,0,0,1,1,1,0,0,0,0,1,0,0,1,0,0,0
231,814.0,1,0,0,0,1,1,0,1,1,1,0,0,0,0,1,0,0,1,0,0,0
232,819.5,1,0,0,0,1,0,0,1,1,1,0,0,0,0,1,0,0,1,0,0,0
233,855.5,1,0,0,0,1,0,0,1,1,1,0,0,0,0,1,0,0,1,0,0,0
234,858.0,1,0,0,0,1,0,0,1,1,1,0,0,0,0,1,0,0,1,0,0,0
235,861.0,1,0,0,0,1,0,0,1,1,1,0,0,0,0,1,0,0,1,0,0,0
236,860.5,1,0,0,0,1,0,0,1,1,1,0,0,0,0,1,0,0,1,0,0,0
237,863.0,1,0,0,0,1,0,0,1,1,1,0,0,0,0,1,0,0,1,0,0,0
238,882.0,1,0,0,0,1,0,0,1,1,1,0,0,0,0,1,0,0,1,0,0,0
239,882.0,1,0,0,0,1,0,0,1,1,1,0,0,0,0,1,0,0,1,0,0,0
240,934.0,1,0,0,0,1,0,0,1,1,1,0,0,0,0,1,0,0,1,0,0,0
241,2232.0,1,1,0,0,1,1,0,1,1,1,0,0,0,0,1,0,0,1,0,0,0
242,2243.5,1,1,0,0,1,1,0,1,1,1,0,0,0,0,1,0,0,1,0,0,0
243,2247.0,1,1,0,0,1,1,0,1,1,1,0,0,0,0,1,0,0,1,0,0,0
244,4530.0,1,0,1,0,1,0,0,0,0,0,0,0,0,0,1,0,0,1,0,0,0
245,276.5,1,1,0,0,1,1,1,0,1,1,0,0,0,0,1,0,0,1,0,0,0
246,742.5,0,0,0,1,1,1,1,0,0,1,0,0,0,0,1,0,0,1,0,0,0
247,1155.0,0,0,0,0,0,0,0,0,0,1,0,0,0,0,1,0,0,1,0,0,0
248,1930.5,0,0,0,0,0,0,0,0,0,1,0,0,0,0,1,0,0,1,0,0,0
249,491.0,0,0,0,1,1,1,1,0,0,1,0,0,0,0,1,0,0,1,0,0,0
250,479.0,0,0,0,1,1,1,1,0,0,1,0,0,0,0,1,0,0,1,0,0,0
251,398.5,1,0,0,1,1,1,1,0,0,1,0,0,0,0,1,0,0,1,0,0,0
252,2286.0,0,0,0,0,1,1,1,0,0,1,0,0,0,0,1,0,0,1,0,0,0
253,985.5,0,0,0,0,1,1,1,0,0,1,0,0,0,0,1,0,0,1,0,0,0
254,1037.0,1,0,0,1,1,1,1,0,0,1,0,0,0,0,1,0,0,1,0,0,0
255,1005.5,1,0,0,1,1,1,1,0,0,1,0,0,0,0,1,0,0,1,0,0,0
256,921.0,1,0,0,1,1,1,1,1,1,1,0,0,0,0,1,0,0,1,0,0,0
257,1020.0,1,0,0,1,1,1,1,0,0,1,0,0,0,0,1,0,0,1,0,0,0
258,925.0,1,0,0,1,1,1,1,0,0,1,0,0,0,0,1,0,0,1,0,0,0
259,1215.0,1,0,0,1,1,1,1,0,0,1,0,0,0,0,1,0,0,1,0,0,0
260,1836.5,0,0,0,0,0,0,0,0,0,0,0,0,0,0,1,0,0,1,0,0,0
261,394.5,1,0,0,0,1,1,1,0,1,1,0,0,0,0,1,0,0,1,0,0,0
262,1100.0,1,0,0,0,1,1,1,0,0,1,0,0,0,0,1,0,0,1,0,0,0
263,1124.5,1,0,0,0,1,1,1,0,1,1,0,0,0,0,1,0,0,1,0,0,0
264,602.5,0,0,0,0,0,0,0,0,1,1,0,0,0,0,1,0,0,1,0,0,0
265,1015.5,0,0,0,0,0,0,0,0,0,0,0,0,0,0,1,0,0,1,0,0,0
266,2037.0,1,0,1,1,1,1,1,0,0,1,0,0,0,0,1,0,0,1,0,0,0
267,1926.5,1,0,1,1,1,1,1,0,0,1,0,0,0,0,1,0,0,1,0,0,0
268,1972.0,1,0,1,1,1,1,0,0,0,1,0,0,0,0,1,0,0,1,0,0,0
269,1587.5,1,0,0,1,1,1,0,0,0,1,0,0,0,0,1,0,0,1,0,0,0
270,2344.5,1,0,0,1,1,1,1,0,0,1,0,0,0,0,1,0,0,1,0,0,0
271,2552.5,1,0,0,1,1,1,1,0,0,1,0,0,0,0,1,0,0,1,0,0,0
272,4474.5,0,0,0,1,0,0,0,0,0,1,0,0,0,0,1,0,0,1,0,0,0
273,3816.5,0,0,0,1,0,0,0,0,0,1,0,0,0,0,1,0,0,1,0,0,0
274,1244.5,0,0,0,1,0,0,0,0,0,1,0,0,0,0,1,0,0,1,0,0,0
275,1132.5,0,0,0,1,0,0,0,0,0,1,0,0,0,0,1,0,0,1,0,0,0
276,2551.5,1,0,0,0,1,1,1,0,0,1,0,0,0,0,1,0,0,1,0,0,0
277,3015.0,0,0,0,0,0,0,0,0,0,0,0,0,0,0,1,0,0,1,0,0,0
278,1981.5,1,1,1,0,1,1,1,0,0,1,0,0,0,0,1,0,0,1,0,0,0
279,2706.5,1,1,1,0,1,1,1,0,0,1,0,0,0,0,1,0,0,1,0,0,0
280,2413.5,1,1,0,0,1,1,1,0,0,1,0,0,0,0,1,0,0,1,0,0,0
281,1978.0,0,0,1,0,1,1,1,0,0,1,0,0,0,0,1,0,0,1,0,0,0
282,2752.0,1,1,1,0,1,1,1,0,0,1,0,0,0,0,1,0,0,1,0,0,0
283,2279.5,1,1,1,0,1,1,1,0,0,1,0,0,0,0,1,0,0,1,0,0,0
284,2542.0,1,1,1,0,1,1,1,0,0,1,0,0,0,0,1,0,0,1,0,0,0
285,2923.5,1,1,0,0,1,1,1,0,0,1,0,0,0,0,1,0,0,1,0,0,0
286,1746.0,1,1,0,0,1,1,1,0,0,1,0,0,0,0,1,0,0,1,0,0,0
287,1161.0,0,0,0,0,0,0,0,0,0,0,0,0,0,0,1,0,0,1,0,0,0
288,1719.5,0,0,0,0,0,0,0,0,0,0,0,0,0,0,1,0,0,1,0,0,0
289,807.0,1,0,0,0,1,1,1,0,0,1,0,0,0,0,1,0,0,1,0,0,0
290,2014.5,1,0,0,0,1,1,1,0,0,1,0,0,0,0,1,0,0,1,0,0,0
291,2407.5,1,0,0,0,1,1,1,0,0,1,0,0,0,0,1,0,0,1,0,0,0
292,1961.0,1,0,0,0,1,1,1,0,0,1,0,0,0,0,1,0,0,1,0,0,0
293,229.5,1,0,0,0,1,1,1,0,0,1,0,0,0,0,1,0,0,1,0,0,0
294,2232.0,0,0,0,0,0,0,0,0,0,0,0,0,0,0,1,0,0,1,0,0,0
295,2416.0,0,0,0,0,0,0,0,0,0,0,0,0,0,0,1,0,0,1,0,0,0
296,2255.0,0,0,0,0,0,0,0,0,0,0,0,0,0,0,1,0,0,1,0,0,0
297,2240.0,0,0,0,0,0,0,0,0,0,0,0,0,0,0,1,0,0,1,0,0,0
298,2252.5,0,0,0,0,0,0,0,0,0,0,0,0,0,0,1,0,0,1,0,0,0
299,1670.5,0,0,0,0,0,0,0,0,0,0,0,0,0,0,1,0,0,1,0,0,0
300,3988.0,0,0,0,0,0,0,0,0,0,0,0,0,0,0,1,0,0,1,0,0,0
301,3955.5,0,0,0,0,0,0,0,0,0,0,0,0,0,0,1,0,0,1,0,0,0
302,325.0,0,0,0,1,1,1,1,0,0,1,0,0,0,0,1,0,0,1,0,0,0
303,927.0,0,0,0,1,1,1,1,0,0,1,0,0,0,0,1,0,0,1,0,0,0
304,1451.5,1,0,0,1,1,1,1,0,0,1,0,0,0,0,1,0,0,1,0,0,0
305,1452.0,1,0,0,1,1,1,1,0,0,1,0,0,0,0,1,0,0,1,0,0,0
306,2366.5,1,0,0,1,1,1,1,0,0,1,0,0,0,0,1,0,0,1,0,0,0
307,2509.0,1,0,0,1,1,1,1,0,0,1,0,0,0,0,1,0,0,1,0,0,0
308,2512.0,1,0,0,1,1,1,1,0,0,1,0,0,0,0,1,0,0,1,0,0,0
309,2666.5,1,0,0,1,1,1,1,0,0,1,0,0,0,0,1,0,0,1,0,0,0
310,3054.5,0,0,0,0,0,0,0,0,0,1,0,0,0,0,1,0,0,1,0,0,0
311,2536.0,1,1,0,0,1,0,0,0,0,0,0,0,0,0,1,0,0,1,0,0,0
312,2061.5,1,1,0,0,1,0,1,0,0,1,0,0,0,0,1,0,0,1,0,0,0
313,2205.5,1,1,0,0,1,0,1,0,0,1,0,0,0,0,1,0,0,1,0,0,0
314,1143.5,0,0,0,0,0,0,0,0,0,1,0,0,0,0,1,0,0,1,0,0,0
315,1581.5,1,0,0,1,1,1,1,0,0,1,0,0,0,0,1,0,0,1,0,0,0
316,1707.0,0,0,0,0,0,0,0,0,0,1,0,0,0,0,1,0,0,1,0,0,0
317,2270.0,1,0,0,1,1,1,1,0,0,1,0,0,0,0,1,0,0,1,0,0,0
318,1275.0,1,0,0,1,1,1,1,0,0,1,0,0,0,0,1,0,0,1,0,0,0
319,390.0,0,0,0,0,0,0,0,0,0,0,0,0,0,0,1,0,0,1,0,0,0
320,404.0,1,0,0,1,1,1,1,1,1,1,0,0,0,0,1,0,0,1,0,0,0
321,414.5,1,0,0,1,1,1,1,1,1,1,0,0,0,0,1,0,0,1,0,0,0
322,1924.5,1,0,0,1,1,1,1,0,0,1,0,0,0,0,1,0,0,1,0,0,0
323,1313.0,0,0,0,0,0,0,1,0,0,1,0,0,0,0,1,0,0,1,0,0,0
324,1109.0,1,0,0,1,1,1,1,0,0,1,0,0,0,0,1,0,0,1,0,0,0
325,1664.5,1,0,0,1,1,1,1,0,0,1,0,0,0,0,1,0,0,1,0,0,0
326,1003.5,0,0,0,0,0,0,1,0,0,1,0,0,0,0,1,0,0,1,0,0,0
327,1065.0,1,0,0,0,1,1,1,0,0,1,0,0,0,0,1,0,0,1,0,0,0
328,2753.0,1,0,0,0,1,1,1,0,0,1,0,0,0,0,1,0,0,1,0,0,0
329,1218.0,1,0,0,0,1,1,1,0,0,1,0,0,0,0,1,0,0,1,0,0,0
330,3153.0,1,0,0,0,1,1,1,0,0,1,0,0,0,0,1,0,0,1,0,0,0
331,1020.0,1,0,0,0,1,1,1,0,0,1,0,0,0,0,1,0,0,1,0,0,0
332,2661.5,1,1,0,1,1,1,1,0,0,1,0,0,0,0,1,0,0,1,0,0,0
333,2682.0,1,1,0,1,1,1,1,0,0,1,0,0,0,0,1,0,0,1,0,0,0
334,2422.5,1,1,0,1,1,1,1,0,0,1,0,0,0,0,1,0,0,1,0,0,0
335,2861.0,1,1,0,1,1,1,1,0,0,1,0,0,0,0,1,0,0,1,0,0,0
336,2315.0,1,1,0,1,1,1,1,0,0,1,0,0,0,0,1,0,0,1,0,0,0
337,1734.5,0,0,0,0,1,1,1,0,0,1,0,0,1,0,0,0,0,1,0,0,0
338,1870.0,0,0,0,0,1,1,1,0,0,1,0,0,1,0,0,0,0,1,0,0,0
339,2046.5,0,0,0,0,1,1,1,0,0,1,0,0,1,0,0,0,0,1,0,0,0
340,1386.5,1,0,0,0,1,1,1,0,0,1,0,0,1,0,0,0,0,1,0,0,0
341,2360.0,1,0,0,0,1,1,1,0,0,1,0,0,1,0,0,0,0,1,0,0,0
342,1168.5,1,0,0,0,1,1,1,0,0,1,0,0,1,0,0,0,0,1,0,0,0
343,4651.5,1,0,0,0,1,1,0,0,0,0,0,0,1,0,0,0,0,1,0,0,0
344,4786.0,1,0,0,0,0,0,0,0,0,0,0,0,1,0,0,0,0,1,0,0,0
345,5116.5,1,0,0,0,0,0,0,0,0,0,0,0,1,0,0,0,0,1,0,0,0
346,1135.5,0,0,0,0,0,0,0,0,1,0,0,0,1,0,0,0,0,1,0,0,0
347,1089.0,0,0,0,0,0,0,0,0,1,0,0,0,1,0,0,0,0,1,0,0,0
348,1701.5,1,0,0,0,1,1,1,0,0,1,0,0,1,0,0,0,0,1,0,0,0
349,1366.5,1,0,0,0,1,1,1,0,0,1,0,0,1,0,0,0,0,1,0,0,0
350,1805.5,1,0,0,0,1,1,1,0,0,1,0,0,1,0,0,0,0,1,0,0,0
351,2030.5,1,0,0,0,1,1,1,0,0,1,0,0,1,0,0,0,0,1,0,0,0
352,1597.0,1,0,0,0,1,1,1,0,0,1,0,0,1,0,0,0,0,1,0,0,0
353,2416.0,1,0,0,0,1,1,1,0,0,1,0,0,1,0,0,0,0,1,0,0,0
354,2011.5,1,0,0,0,1,1,1,0,0,1,0,0,1,0,0,0,0,1,0,0,0
355,1675.5,1,0,0,0,1,1,1,0,0,1,0,0,1,0,0,0,0,1,0,0,0
356,3523.5,1,0,0,0,1,1,1,0,0,1,0,0,1,0,0,0,0,1,0,0,0
357,1802.0,0,0,0,0,0,0,0,0,0,1,0,0,1,0,0,0,0,1,0,0,0
358,1985.0,0,0,0,0,0,0,0,0,0,1,0,0,1,0,0,0,0,1,0,0,0
359,1227.5,0,0,0,0,1,1,0,0,0,1,0,0,1,0,0,0,0,1,0,0,0
360,917.5,0,0,0,0,1,1,0,0,0,1,0,0,1,0,0,0,0,1,0,0,0
361,1693.0,0,0,0,0,1,1,1,0,0,1,0,0,1,0,0,0,0,1,0,0,0
362,1485.5,0,0,0,0,1,1,1,0,0,1,0,0,1,0,0,0,0,1,0,0,0
363,1829.0,0,0,0,0,0,0,0,0,0,1,0,0,1,0,0,0,0,1,0,0,0
364,2017.5,0,0,0,0,0,0,0,0,0,1,0,0,1,0,0,0,0,1,0,0,0
365,2013.5,0,0,0,0,0,0,0,0,0,0,0,0,1,0,0,0,0,1,0,0,0
366,2358.0,0,0,0,0,0,0,0,0,0,0,0,0,1,0,0,0,0,1,0,0,0
367,3542.5,0,0,0,0,0,0,0,0,0,0,0,0,1,0,0,0,0,1,0,0,0
368,3489.0,0,0,0,0,0,0,0,0,0,0,0,0,1,0,0,0,0,1,0,0,0
369,3583.0,0,0,0,0,0,0,0,0,0,0,0,0,1,0,0,0,0,1,0,0,0
370,2241.0,0,0,0,0,0,0,0,0,0,0,0,0,1,0,0,0,0,1,0,0,0
371,2146.5,0,0,0,0,0,0,0,0,0,0,0,0,1,0,0,0,0,1,0,0,0
372,2226.0,0,0,0,0,0,0,0,0,0,0,0,0,1,0,0,0,0,1,0,0,0
373,888.0,1,0,0,0,1,1,1,0,1,1,0,0,0,0,1,0,0,1,0,0,0
374,1411.5,0,0,0,0,1,0,1,0,1,1,0,0,0,0,1,0,0,1,0,0,0
375,399.5,1,0,0,0,1,1,1,0,0,1,0,0,0,0,1,0,0,1,0,0,0
376,748.5,0,0,0,1,1,1,1,1,0,1,0,0,0,0,1,0,0,1,0,0,0
377,751.0,0,0,0,1,1,1,1,1,0,1,0,0,0,0,1,0,0,1,0,0,0
378,798.0,0,0,0,1,1,1,1,1,0,1,0,0,0,0,1,0,0,1,0,0,0
379,644.0,0,0,0,1,1,1,1,1,0,1,0,0,0,0,1,0,0,1,0,0,0
380,584.5,0,0,0,1,1,1,1,1,0,1,0,0,0,0,1,0,0,1,0,0,0
381,2269.5,0,0,0,0,1,1,1,1,0,1,0,0,0,0,1,0,0,1,0,0,0
382,2506.0,0,0,0,0,1,1,1,0,0,1,0,0,0,0,1,0,0,1,0,0,0
383,2566.0,0,0,0,0,1,1,1,0,0,1,0,0,0,0,1,0,0,1,0,0,0
384,2172.0,0,0,0,0,0,0,0,0,0,1,0,0,0,0,1,0,0,1,0,0,0
385,1756.0,0,0,0,0,0,0,0,0,0,1,0,0,0,0,1,0,0,1,0,0,0
386,2636.0,0,0,0,0,0,0,0,0,0,1,0,0,0,0,1,0,0,1,0,0,0
387,2653.0,0,0,0,0,0,0,0,0,0,1,0,0,0,0,1,0,0,1,0,0,0
388,1916.0,1,0,0,1,1,1,1,0,0,1,0,0,0,0,1,0,0,1,0,0,0
389,2075.5,1,0,0,1,1,1,1,0,0,1,0,0,0,0,1,0,0,1,0,0,0
390,2038.0,1,0,0,0,1,1,0,0,0,1,0,0,0,0,1,0,0,1,0,0,0
391,2076.0,1,0,0,0,1,1,0,0,0,1,0,0,0,0,1,0,0,1,0,0,0
392,1764.0,1,0,0,0,1,1,0,0,0,1,0,0,0,0,1,0,0,1,0,0,0
393,1661.0,1,0,0,0,1,1,0,0,0,1,0,0,0,0,1,0,0,1,0,0,0
394,1540.0,1,0,0,0,1,1,0,0,0,1,0,0,0,0,1,0,0,1,0,0,0
395,1783.0,1,0,0,0,1,1,0,0,0,1,0,0,0,0,1,0,0,1,0,0,0
396,1952.0,1,0,0,0,1,1,0,0,0,1,0,0,0,0,1,0,0,1,0,0,0
397,2927.0,1,0,0,0,1,1,0,0,0,1,0,0,0,0,1,0,0,1,0,0,0
398,5014.5,0,1,0,1,0,0,0,0,0,1,0,0,1,0,0,0,0,1,0,0,0
399,3564.0,0,1,0,1,0,0,0,0,0,1,0,0,1,0,0,0,0,1,0,0,0
400,1400.0,0,1,0,1,0,0,0,0,0,1,0,0,1,0,0,0,0,1,0,0,0
401,715.0,0,1,0,1,0,0,0,0,0,1,0,0,1,0,0,0,0,1,0,0,0
402,911.5,0,0,0,0,0,0,0,0,0,0,0,0,1,0,0,0,0,1,0,0,0
403,1010.5,0,0,0,0,0,0,0,0,0,0,0,0,1,0,0,0,0,1,0,0,0
404,3756.5,0,0,0,0,0,0,0,0,0,0,0,0,1,0,0,0,0,1,0,0,0
405,525.5,0,0,0,0,0,0,0,0,0,0,0,0,1,0,0,0,0,1,0,0,0
406,486.0,0,0,0,0,0,0,0,0,0,0,0,0,1,0,0,0,0,1,0,0,0
407,793.5,0,0,1,0,0,0,1,0,0,1,0,0,1,0,0,0,0,1,0,0,0
408,821.0,1,1,0,0,1,1,1,0,0,1,0,0,1,0,0,0,0,1,0,0,0
409,987.0,1,0,1,0,1,1,1,0,0,1,0,0,1,0,0,0,0,1,0,0,0
410,1251.0,1,0,1,0,1,1,1,0,0,1,0,0,1,0,0,0,0,1,0,0,0
411,1764.0,1,0,1,0,0,0,1,0,0,1,0,0,1,0,0,0,0,1,0,0,0
412,2178.0,1,1,1,1,1,0,0,0,0,1,0,0,1,0,0,0,0,1,0,0,0
413,6168.5,1,0,0,0,1,0,0,0,0,1,0,0,1,0,0,0,0,1,0,0,0
414,2314.5,0,0,0,0,1,1,1,0,0,1,0,0,1,0,0,0,0,1,0,0,0
415,1107.0,0,0,0,0,1,1,1,0,0,1,0,0,1,0,0,0,0,1,0,0,0
416,1381.0,0,0,0,0,0,0,0,0,0,1,0,0,1,0,0,0,0,1,0,0,0
417,253.0,1,0,0,1,1,1,0,0,1,1,0,0,0,0,1,0,0,1,0,0,0
418,253.0,1,0,0,1,1,1,0,0,0,1,0,0,0,0,1,0,0,1,0,0,0
419,2747.0,1,0,0,0,1,1,0,0,0,1,0,0,0,0,1,0,0,1,0,0,0
420,3057.5,0,0,0,0,1,1,0,0,0,1,0,0,0,0,1,0,0,1,0,0,0
421,2840.0,1,0,0,0,1,1,0,0,0,1,0,0,0,0,1,0,0,1,0,0,0
422,3124.0,1,0,0,0,1,1,0,0,0,1,0,0,0,0,1,0,0,1,0,0,0
423,3102.0,1,0,0,0,1,1,0,0,0,1,0,0,0,0,1,0,0,1,0,0,0
424,3279.0,1,0,0,0,1,1,0,0,0,1,0,0,0,0,1,0,0,1,0,0,0
425,2930.0,1,0,0,0,1,1,0,0,0,1,0,0,0,0,1,0,0,1,0,0,0
426,2994.0,1,0,0,0,1,1,0,0,0,1,0,0,0,0,1,0,0,1,0,0,0
427,2951.0,1,0,0,0,1,1,0,0,0,1,0,0,0,0,1,0,0,1,0,0,0
428,3257.0,1,0,0,0,1,1,0,0,0,1,0,0,0,0,1,0,0,1,0,0,0
429,3059.0,1,0,0,0,1,1,0,0,0,1,0,0,0,0,1,0,0,1,0,0,0
430,3080.0,1,0,0,0,1,1,0,0,0,1,0,0,0,0,1,0,0,1,0,0,0
431,3168.0,1,0,0,0,1,1,0,0,0,1,0,0,0,0,1,0,0,1,0,0,0
432,3015.0,1,0,0,0,1,1,0,0,0,1,0,0,0,0,1,0,0,1,0,0,0
433,3168.0,1,0,0,0,1,1,0,0,0,1,0,0,0,0,1,0,0,1,0,0,0
434,2815.0,1,0,0,0,1,1,0,0,0,1,0,0,0,0,1,0,0,1,0,0,0
435,3146.0,1,0,0,0,1,1,0,0,0,1,0,0,0,0,1,0,0,1,0,0,0
436,2578.0,1,0,0,0,1,1,0,0,0,1,0,0,0,0,1,0,0,1,0,0,0
437,2562.0,1,0,0,0,1,1,0,0,0,1,0,0,0,0,1,0,0,1,0,0,0
438,3058.0,0,0,0,0,0,0,0,0,0,1,0,0,0,0,0,1,0,1,0,0,0
439,2450.5,0,0,0,0,0,0,0,0,0,1,0,0,0,0,0,1,0,1,0,0,0
440,2017.0,0,0,0,0,0,0,0,0,0,1,0,0,0,0,0,1,0,1,0,0,0
441,1450.0,0,0,0,0,0,0,0,0,0,0,0,0,0,0,0,1,0,1,0,0,0
442,2531.0,0,0,0,0,0,0,0,0,0,0,0,0,0,0,0,1,0,1,0,0,0
443,1735.5,0,0,0,0,0,0,0,0,0,1,0,0,0,0,1,0,0,1,0,0,0
444,1015.0,0,0,0,1,0,0,0,0,0,1,0,0,0,0,1,0,0,1,0,0,0
445,2069.5,0,0,0,0,0,0,0,0,0,1,0,0,0,0,1,0,0,1,0,0,0
446,3861.5,0,0,0,1,0,0,0,0,0,1,0,0,0,0,1,0,0,1,0,0,0
447,3159.0,0,0,0,1,0,0,0,0,0,1,0,0,0,0,1,0,0,1,0,0,0
448,1255.5,0,0,0,1,0,0,0,0,0,1,0,0,0,0,0,1,0,1,0,0,0
449,3268.0,0,0,0,1,0,0,0,0,0,0,0,0,0,0,0,1,0,1,0,0,0
450,5176.0,0,0,0,0,0,0,0,0,0,1,0,0,0,0,0,1,0,1,0,0,0
451,540.0,1,0,0,0,1,1,1,0,0,1,0,0,0,0,0,1,0,1,0,0,0
452,1351.5,1,0,0,0,1,1,1,0,0,1,0,0,0,0,0,1,0,1,0,0,0
453,1969.0,1,0,0,0,1,1,1,0,0,1,0,0,0,0,0,1,0,1,0,0,0
454,1708.5,0,0,0,0,0,0,0,0,0,1,0,0,0,0,1,0,0,1,0,0,0
455,5027.5,0,0,0,0,0,0,0,0,0,1,0,0,0,0,1,0,0,1,0,0,0
456,1974.0,0,0,0,0,0,0,0,0,0,0,0,0,0,0,1,0,0,1,0,0,0
457,1708.0,0,0,0,0,0,0,0,0,0,0,0,0,0,0,1,0,0,1,0,0,0
458,994.5,0,0,0,0,0,0,0,0,0,0,0,0,0,0,1,0,0,1,0,0,0
459,599.5,0,0,0,0,0,0,0,0,0,0,0,0,0,0,1,0,0,1,0,0,0
460,2532.5,0,0,0,0,0,0,0,0,0,0,0,0,0,0,1,0,0,1,0,0,0
461,2618.5,0,0,0,0,0,0,0,0,0,0,0,0,0,0,1,0,0,1,0,0,0
462,1412.5,1,0,1,0,1,1,1,0,0,1,0,0,0,0,1,0,0,1,0,0,0
463,1469.5,1,0,1,0,1,1,1,0,0,1,0,0,0,0,1,0,0,1,0,0,0
464,3302.5,0,0,1,0,0,0,0,0,0,1,0,0,0,0,1,0,0,1,0,0,0
465,3295.0,0,0,1,0,0,0,0,0,0,1,0,0,0,0,1,0,0,1,0,0,0
466,145.5,0,0,0,0,0,0,0,0,0,1,0,0,0,0,1,0,0,1,0,0,0
467,228.0,1,1,1,0,1,1,1,0,0,1,0,0,0,0,1,0,0,1,0,0,0
468,409.0,1,0,0,1,1,0,1,0,0,1,0,0,0,0,1,0,0,1,0,0,0
469,5652.5,1,0,1,1,1,0,1,0,0,1,0,0,0,0,1,0,0,1,0,0,0
470,293.5,0,0,0,0,0,0,0,0,0,1,0,0,0,0,1,0,0,1,0,0,0
471,145.5,1,1,1,1,1,1,1,0,0,1,0,0,0,0,1,0,0,1,0,0,0
472,231.0,0,0,0,0,0,0,0,0,0,1,0,0,0,0,1,0,0,1,0,0,0
473,141.0,1,0,0,0,1,0,1,0,0,1,0,0,0,0,1,0,0,1,0,0,0
474,146.0,1,0,0,0,1,0,1,0,0,1,0,0,0,0,1,0,0,1,0,0,0
475,143.5,0,0,0,0,0,0,0,1,0,0,0,0,0,0,1,0,0,1,0,0,0
476,2494.0,1,0,1,1,1,0,0,0,0,1,0,0,1,0,0,0,0,1,0,0,0
477,2629.0,1,1,1,1,1,0,0,0,0,1,0,0,1,0,0,0,0,1,0,0,0
478,2537.0,0,0,1,0,0,0,0,0,0,1,0,0,1,0,0,0,0,1,0,0,0
479,3219.0,1,0,1,0,1,0,0,0,0,1,0,0,1,0,0,0,0,1,0,0,0
480,4391.5,1,0,1,0,1,0,0,0,0,1,0,0,1,0,0,0,0,1,0,0,0
481,5043.0,1,0,1,0,1,0,0,0,0,1,0,0,1,0,0,0,0,1,0,0,0
482,5909.0,1,0,0,1,1,0,0,0,0,1,0,0,1,0,0,0,0,1,0,0,0
483,5109.0,1,0,0,1,1,0,0,0,0,1,0,0,1,0,0,0,0,1,0,0,0
484,4919.0,1,0,0,1,1,0,0,0,0,1,0,0,1,0,0,0,0,1,0,0,0
485,3819.0,1,0,1,0,1,1,0,0,0,1,0,0,1,0,0,0,0,1,0,0,0
486,3659.0,1,0,0,0,1,1,0,0,0,1,0,0,1,0,0,0,0,1,0,0,0
487,3149.5,1,0,0,0,1,1,1,0,0,1,0,0,1,0,0,0,0,1,0,0,0
488,3144.0,0,0,0,0,0,0,0,0,0,0,0,0,1,0,0,0,0,1,0,0,0
489,3149.0,0,0,0,0,0,0,0,0,0,0,0,0,1,0,0,0,0,1,0,0,0
490,3109.0,0,0,0,0,0,0,0,0,0,0,0,0,1,0,0,0,0,1,0,0,0
491,2949.0,0,0,0,0,0,0,0,0,0,0,0,0,1,0,0,0,0,1,0,0,0
492,2556.0,1,0,1,0,1,1,1,0,0,0,0,0,1,0,0,0,0,1,0,0,0
493,2909.0,0,0,0,0,0,0,0,0,0,0,0,0,1,0,0,0,0,1,0,0,0
494,889.0,0,0,0,0,0,0,0,0,0,0,0,0,1,0,0,0,0,1,0,0,0
495,3969.0,0,0,0,0,0,0,0,0,0,0,0,0,1,0,0,0,0,1,0,0,0
496,2249.0,0,0,0,0,0,0,0,0,0,0,0,0,1,0,0,0,0,1,0,0,0
497,2679.0,0,0,0,0,0,0,0,0,0,0,0,0,1,0,0,0,0,1,0,0,0
498,2119.0,0,0,0,0,0,0,0,0,0,0,0,0,1,0,0,0,0,1,0,0,0
499,4779.0,1,0,0,1,0,0,0,0,0,1,0,0,1,0,0,0,0,1,0,0,0
500,3399.0,1,1,1,0,1,1,0,0,0,0,0,0,1,0,0,0,0,1,0,0,0
501,3549.0,1,0,0,0,1,1,0,0,0,0,0,0,1,0,0,0,0,1,0,0,0
502,3069.0,1,0,0,0,1,0,0,0,0,0,0,0,1,0,0,0,0,1,0,0,0
503,1553.0,1,0,0,0,1,0,0,0,0,0,0,0,1,0,0,0,0,1,0,0,0
504,1669.0,1,0,0,0,0,0,0,0,0,0,0,0,1,0,0,0,0,1,0,0,0
505,1352.5,1,0,0,0,1,1,0,0,0,0,0,0,1,0,0,0,0,1,0,0,0
506,1412.5,1,0,0,0,0,0,0,0,0,0,0,0,1,0,0,0,0,1,0,0,0
507,2966.0,1,0,0,1,0,0,0,0,0,0,0,0,1,0,0,0,0,1,0,0,0
508,966.0,1,0,0,0,1,0,0,0,0,0,0,0,1,0,0,0,0,1,0,0,0
509,588.0,0,0,0,0,0,0,0,0,0,1,1,0,0,0,0,0,0,1,0,0,0
510,729.0,0,0,0,0,0,0,0,0,0,1,1,0,0,0,0,0,0,1,0,0,0
511,421.0,0,0,0,0,0,0,0,0,0,1,1,0,0,0,0,0,0,1,0,0,0
512,421.5,0,0,0,0,0,0,0,0,0,1,1,0,0,0,0,0,0,1,0,0,0
513,494.0,0,0,0,0,0,0,0,0,0,1,1,0,0,0,0,0,0,1,0,0,0
514,425.5,0,0,0,0,0,0,0,0,0,1,1,0,0,0,0,0,0,1,0,0,0
515,428.5,0,0,0,0,0,0,0,0,0,1,1,0,0,0,0,0,0,1,0,0,0
516,782.5,0,0,0,0,0,0,0,0,0,0,0,0,1,0,0,0,0,1,0,0,0
517,729.0,0,0,0,0,0,0,0,0,0,0,0,0,1,0,0,0,0,1,0,0,0
518,1431.0,0,0,0,0,0,0,0,0,0,0,0,0,1,0,0,0,0,1,0,0,0
519,1570.5,0,0,0,0,0,0,0,0,0,0,0,0,1,0,0,0,0,1,0,0,0
520,2900.5,0,0,0,0,0,0,0,0,0,0,0,0,1,0,0,0,0,1,0,0,0
521,1089.5,0,0,0,0,0,0,0,0,0,0,0,0,1,0,0,0,0,1,0,0,0
522,405.0,0,0,0,0,0,0,0,0,0,0,0,0,1,0,0,0,0,1,0,0,0
523,2723.5,0,0,0,0,0,0,0,0,0,0,0,0,1,0,0,0,0,1,0,0,0
524,3786.0,0,0,1,0,1,1,0,0,0,0,0,0,1,0,0,0,0,1,0,0,0
525,5064.0,0,0,0,0,0,0,0,0,0,0,0,0,1,0,0,0,0,1,0,0,0
526,5086.0,0,0,0,0,0,0,0,0,0,0,0,0,1,0,0,0,0,1,0,0,0
527,6106.0,0,0,0,0,0,0,0,0,0,0,0,0,1,0,0,0,0,1,0,0,0
528,782.5,0,0,0,0,0,0,0,1,1,0,0,0,1,0,0,0,0,1,0,0,0
529,802.5,0,0,0,0,0,0,0,1,1,0,0,0,1,0,0,0,0,1,0,0,0
530,888.5,0,0,0,0,0,0,0,1,1,0,0,0,1,0,0,0,0,1,0,0,0
531,892.0,0,0,0,0,0,0,0,1,1,0,0,0,1,0,0,0,0,1,0,0,0
532,1085.0,0,0,0,0,0,0,0,1,1,0,0,0,1,0,0,0,0,1,0,0,0
533,1089.0,0,0,0,0,0,0,0,0,0,0,0,0,1,0,0,0,0,1,0,0,0
534,154.5,0,0,0,0,0,0,0,0,0,0,0,0,1,0,0,0,0,1,0,0,0
535,249.5,0,0,0,0,0,0,0,0,0,0,0,0,1,0,0,0,0,1,0,0,0
536,251.0,0,0,0,0,0,0,0,0,0,0,0,0,1,0,0,0,0,1,0,0,0
537,327.5,0,0,0,0,0,0,0,0,0,0,0,0,1,0,0,0,0,1,0,0,0
538,405.5,0,0,0,0,0,0,0,0,0,0,0,0,1,0,0,0,0,1,0,0,0
539,150.5,0,0,0,0,0,0,0,0,0,0,0,0,1,0,0,0,0,1,0,0,0
540,156.0,0,0,0,0,0,0,0,0,0,0,0,0,1,0,0,0,0,1,0,0,0
541,156.0,0,0,0,0,0,0,0,0,0,0,0,0,1,0,0,0,0,1,0,0,0
542,224.0,0,0,0,0,0,0,0,0,0,0,0,0,1,0,0,0,0,1,0,0,0
543,324.5,0,0,0,0,0,0,0,0,0,0,0,0,1,0,0,0,0,1,0,0,0
544,333.0,0,0,0,0,0,0,0,0,0,0,0,0,1,0,0,0,0,1,0,0,0
545,156.0,0,0,0,0,0,0,0,0,0,0,0,0,1,0,0,0,0,1,0,0,0
546,237.0,0,0,0,0,0,0,0,0,0,0,0,0,1,0,0,0,0,1,0,0,0
547,335.0,0,0,0,0,0,0,0,0,0,0,0,0,1,0,0,0,0,1,0,0,0
548,718.5,0,0,0,0,1,1,0,0,0,0,0,0,1,0,0,0,0,1,0,0,0
549,1055.0,0,0,0,0,0,0,0,0,0,0,0,0,1,0,0,0,0,1,0,0,0
550,633.0,1,1,0,1,1,1,1,0,0,0,0,0,1,0,0,0,0,1,0,0,0
551,595.5,0,0,0,0,0,0,0,0,0,0,0,0,1,0,0,0,0,1,0,0,0
552,551.0,1,1,1,1,0,0,0,0,0,0,0,0,1,0,0,0,0,1,0,0,0
553,567.0,0,0,0,1,0,0,0,0,0,0,0,0,1,0,0,0,0,1,0,0,0
554,506.0,0,0,0,0,0,0,0,0,1,0,0,0,1,0,0,0,0,1,0,0,0
555,157.0,0,0,0,1,0,0,0,0,0,0,0,0,1,0,0,0,0,1,0,0,0
556,150.5,0,0,0,1,0,0,0,0,0,0,0,0,1,0,0,0,0,1,0,0,0
557,2047.0,0,0,0,0,1,0,0,0,0,1,0,0,0,0,1,0,0,1,0,0,0
558,1100.5,0,0,0,0,1,0,0,0,0,1,0,0,0,0,1,0,0,1,0,0,0
559,1515.0,0,0,0,0,0,0,0,0,0,1,0,0,0,0,1,0,0,1,0,0,0
560,211.5,0,0,0,0,0,0,0,0,0,1,0,0,0,0,1,0,0,1,0,0,0
561,1794.0,0,0,0,0,0,0,0,0,0,0,0,0,0,0,1,0,0,1,0,0,0
562,2045.0,1,0,0,0,1,1,1,0,0,1,0,0,0,0,1,0,0,1,0,0,0
563,493.0,1,0,0,0,1,1,1,0,0,1,0,0,0,0,1,0,0,1,0,0,0
564,721.0,0,0,0,0,0,0,0,0,0,0,0,0,0,0,1,0,0,1,0,0,0
565,994.5,0,0,0,0,0,0,0,0,0,0,0,0,0,0,1,0,0,1,0,0,0
566,2479.5,0,0,0,0,0,0,0,0,0,1,0,0,0,0,1,0,0,1,0,0,0
567,3030.0,0,0,0,0,0,0,0,0,0,1,0,0,0,0,1,0,0,1,0,0,0
568,2341.5,0,0,0,0,0,0,0,0,0,1,0,0,0,0,1,0,0,1,0,0,0
569,2958.0,0,0,0,0,0,0,0,0,0,1,0,0,0,0,1,0,0,1,0,0,0
570,497.5,0,0,0,0,0,0,0,0,0,1,0,0,0,0,1,0,0,1,0,0,0
571,1966.5,0,0,0,0,0,0,0,0,0,1,0,0,0,0,1,0,0,1,0,0,0
572,2792.0,0,0,0,0,0,0,0,0,0,1,0,0,0,0,1,0,0,1,0,0,0
573,1004.5,0,0,0,0,0,0,0,0,0,1,0,0,0,0,1,0,0,1,0,0,0
574,869.5,1,0,0,0,1,1,1,0,0,1,0,0,0,0,1,0,0,1,0,0,0
575,4616.5,1,0,0,0,1,0,0,0,0,0,0,0,0,0,1,0,0,1,0,0,0
576,4474.0,0,0,0,0,0,0,0,0,0,1,0,0,0,0,1,0,0,1,0,0,0
577,3289.5,0,0,0,0,0,0,0,0,0,0,0,0,0,0,1,0,0,1,0,0,0
578,1244.0,0,0,0,0,0,0,0,0,0,0,0,0,0,0,1,0,0,1,0,0,0
579,1866.0,0,0,0,0,0,0,0,0,0,1,0,0,0,0,1,0,0,1,0,0,0
580,2379.0,0,0,0,0,0,0,0,0,0,1,0,0,0,0,1,0,0,1,0,0,0
581,246.5,0,0,0,0,0,0,0,0,0,1,0,0,0,0,1,0,0,1,0,0,0
582,243.5,0,0,0,0,0,0,0,0,0,1,0,0,0,0,1,0,0,1,0,0,0
583,1243.0,1,0,0,0,1,1,1,0,0,1,0,0,0,0,0,1,0,1,0,0,0
584,2343.5,1,0,0,0,1,1,1,0,0,1,0,0,0,0,0,1,0,1,0,0,0
585,2114.5,0,0,0,0,0,0,0,0,0,1,0,0,0,0,1,0,0,1,0,0,0
586,1925.0,0,0,0,0,0,0,0,0,0,1,0,0,0,0,1,0,0,1,0,0,0
587,3068.0,0,0,0,0,0,0,0,0,0,1,0,0,0,0,1,0,0,1,0,0,0
588,3009.0,0,0,0,0,0,0,0,0,0,1,0,0,0,0,1,0,0,1,0,0,0
589,3260.0,0,0,0,0,0,0,0,0,0,1,0,0,0,0,1,0,0,1,0,0,0
590,3326.5,0,0,0,0,0,0,0,0,0,1,0,0,0,0,1,0,0,1,0,0,0
591,1995.5,0,0,0,0,0,0,0,0,0,0,0,0,0,0,1,0,0,1,0,0,0
592,2484.0,1,1,0,0,1,1,1,0,0,0,0,0,0,0,1,0,0,1,0,0,0
593,2445.5,1,1,0,0,1,1,1,0,0,0,0,0,0,0,1,0,0,1,0,0,0
594,2405.5,0,0,0,0,0,0,0,0,0,0,0,0,0,0,1,0,0,1,0,0,0
595,2522.0,0,0,0,0,0,0,0,0,0,0,0,0,0,0,1,0,0,1,0,0,0
596,2537.5,0,0,0,0,0,0,0,0,0,0,0,0,0,0,1,0,0,1,0,0,0
597,2631.0,0,0,0,0,0,0,0,0,0,0,0,0,0,0,1,0,0,1,0,0,0
598,1980.5,1,0,0,0,1,1,0,0,0,1,0,0,0,0,1,0,0,1,0,0,0
599,2848.5,1,0,0,0,1,1,0,0,0,1,0,0,0,0,1,0,0,1,0,0,0
600,1474.5,0,0,0,0,0,0,0,1,1,1,0,0,0,0,1,0,0,1,0,0,0
601,1648.5,0,0,0,0,0,0,0,0,0,1,0,0,0,0,1,0,0,1,0,0,0
602,1514.5,0,0,0,0,0,0,0,0,0,1,0,0,0,0,1,0,0,1,0,0,0
603,1487.5,0,0,0,0,0,0,0,0,0,0,0,0,0,0,1,0,0,1,0,0,0
604,2021.0,1,0,1,1,1,1,0,0,0,1,0,0,0,0,1,0,0,1,0,0,0
605,2418.0,1,0,1,0,1,1,0,0,0,1,0,0,0,0,1,0,0,1,0,0,0
606,2010.5,1,0,1,1,1,0,0,0,0,1,0,0,0,0,1,0,0,1,0,0,0
607,1785.5,0,0,0,0,0,0,0,0,0,0,0,0,0,0,1,0,0,1,0,0,0
608,2212.0,1,0,1,1,1,0,1,0,0,1,0,0,0,0,1,0,0,1,0,0,0
609,1164.5,1,0,1,1,1,0,1,0,0,1,0,0,0,0,1,0,0,1,0,0,0
610,2320.0,1,0,1,1,1,1,1,0,0,1,0,0,0,0,1,0,0,1,0,0,0
611,1724.5,0,0,0,0,0,0,0,0,0,1,0,0,0,0,1,0,0,1,0,0,0
612,2377.5,0,0,0,0,0,0,0,0,0,0,0,0,0,0,1,0,0,1,0,0,0
613,2503.5,0,0,0,0,0,0,0,0,0,0,0,0,0,0,1,0,0,1,0,0,0
614,3263.0,0,0,0,0,0,0,0,0,0,0,0,0,0,0,1,0,0,1,0,0,0
615,1778.5,1,0,0,0,1,0,0,0,0,1,0,0,0,0,1,0,0,1,0,0,0
616,286.5,0,0,0,0,0,0,0,0,0,0,0,0,0,0,1,0,0,1,0,0,0
617,2256.5,0,0,0,0,1,1,0,0,0,1,0,0,0,0,1,0,0,1,0,0,0
618,1977.5,0,0,0,0,1,1,0,0,0,1,0,0,0,0,1,0,0,1,0,0,0
619,1069.5,0,0,0,0,0,0,0,0,0,0,0,0,0,0,1,0,0,1,0,0,0
620,697.5,0,0,0,0,0,0,0,0,0,1,0,0,0,0,1,0,0,1,0,0,0
621,790.0,0,0,0,0,0,0,0,0,0,1,0,0,0,0,1,0,0,1,0,0,0
622,1261.0,0,0,0,0,0,0,0,0,0,1,0,0,0,0,1,0,0,1,0,0,0
623,1219.5,0,0,0,0,0,0,0,0,0,1,0,0,0,0,1,0,0,1,0,0,0
624,1207.0,0,0,0,0,0,0,0,0,0,1,0,0,0,0,1,0,0,1,0,0,0
625,2026.0,0,0,0,0,0,0,0,0,0,1,0,0,0,0,1,0,0,1,0,0,0
626,1296.0,0,0,0,0,0,0,0,0,0,1,0,0,0,0,1,0,0,1,0,0,0
627,1039.0,0,0,0,0,0,0,0,0,0,1,0,0,0,0,1,0,0,1,0,0,0
628,1357.0,0,0,0,0,0,0,0,0,0,1,0,0,0,0,1,0,0,1,0,0,0
629,1332.0,0,0,0,0,0,0,0,0,0,1,0,0,0,0,1,0,0,1,0,0,0
630,1338.0,0,0,0,0,0,0,0,0,0,1,0,0,0,0,1,0,0,1,0,0,0
631,1483.0,0,0,0,0,0,0,0,0,0,1,0,0,0,0,1,0,0,1,0,0,0
632,1400.0,0,0,0,0,0,0,0,0,0,1,0,0,0,0,1,0,0,1,0,0,0
633,1541.0,0,0,0,0,0,0,0,0,0,1,0,0,0,0,1,0,0,1,0,0,0
634,1413.0,0,0,0,0,0,0,0,0,0,1,0,0,0,0,1,0,0,1,0,0,0
635,1400.0,0,0,0,0,0,0,0,0,0,1,0,0,0,0,1,0,0,1,0,0,0
636,1426.0,0,0,0,0,0,0,0,0,0,1,0,0,0,0,1,0,0,1,0,0,0
637,1366.0,0,0,0,0,0,0,0,0,0,1,0,0,0,0,1,0,0,1,0,0,0
638,1808.0,0,0,0,0,0,0,0,0,0,1,0,0,0,0,1,0,0,1,0,0,0
639,1983.0,0,0,0,0,0,0,0,0,0,1,0,0,0,0,1,0,0,1,0,0,0
640,1808.0,0,0,0,0,0,0,0,0,0,1,0,0,0,0,1,0,0,1,0,0,0
641,2878.0,0,0,0,0,0,0,0,0,0,1,0,0,0,0,1,0,0,1,0,0,0
642,872.0,0,0,0,0,0,0,0,0,0,1,0,0,0,0,1,0,0,1,0,0,0
643,2904.0,0,0,0,0,0,0,0,0,0,1,0,0,0,0,1,0,0,1,0,0,0
644,3033.0,0,0,0,0,0,0,0,0,0,1,0,0,0,0,1,0,0,1,0,0,0
645,2840.0,0,0,0,0,0,0,0,0,0,1,0,0,0,0,1,0,0,1,0,0,0
646,1985.0,0,0,0,0,0,0,0,0,0,1,0,0,0,0,1,0,0,1,0,0,0
647,1901.0,0,0,0,0,0,0,0,0,0,1,0,0,0,0,1,0,0,1,0,0,0
648,1664.0,0,0,0,0,0,0,0,0,0,1,0,0,0,0,1,0,0,1,0,0,0
649,1447.0,0,0,0,0,0,0,0,0,0,1,0,0,0,0,1,0,0,1,0,0,0
650,1326.0,0,0,0,0,1,1,1,0,0,1,0,0,0,0,1,0,0,1,0,0,0
651,1346.0,0,0,0,0,1,1,1,0,0,1,0,0,0,0,1,0,0,1,0,0,0
652,1419.0,0,0,0,0,1,1,1,0,0,1,0,0,0,0,1,0,0,1,0,0,0
653,1934.0,0,0,0,0,0,0,0,0,0,1,0,0,0,0,1,0,0,1,0,0,0
654,2042.0,0,0,0,0,0,0,0,0,0,1,0,0,0,0,1,0,0,1,0,0,0
655,1768.0,0,0,0,0,0,0,0,0,0,1,0,0,0,0,1,0,0,1,0,0,0
656,1776.0,0,0,0,0,0,0,0,0,0,1,0,0,0,0,1,0,0,1,0,0,0
657,2201.5,1,0,0,0,1,1,1,0,0,1,0,0,0,0,1,0,0,1,0,0,0
658,2742.0,1,0,0,0,1,1,1,0,0,1,0,0,0,0,1,0,0,1,0,0,0
659,5419.0,0,0,0,1,0,0,0,0,0,0,0,0,0,0,1,0,0,1,0,0,0
660,1529.0,0,0,0,0,0,0,0,0,0,1,0,0,0,0,1,0,0,1,0,0,0
661,1554.0,0,0,0,0,0,0,0,0,0,1,0,0,0,0,1,0,0,1,0,0,0
662,1684.0,0,0,0,0,0,0,0,0,0,1,0,0,0,0,1,0,0,1,0,0,0
663,1643.0,0,0,0,0,0,0,0,0,0,1,0,0,0,0,1,0,0,1,0,0,0
664,1921.0,0,0,0,0,0,0,0,0,0,1,0,0,0,0,1,0,0,1,0,0,0
665,2027.0,0,0,0,0,0,0,0,0,0,1,0,0,0,0,1,0,0,1,0,0,0
666,1600.0,0,0,0,0,0,0,0,0,0,1,0,0,0,0,1,0,0,1,0,0,0
667,1607.0,0,0,0,0,0,0,0,0,0,1,0,0,0,0,1,0,0,1,0,0,0
668,2228.0,0,0,0,0,0,0,0,0,0,1,0,0,0,0,1,0,0,1,0,0,0
669,1647.0,0,0,0,0,0,0,0,0,0,1,0,0,0,0,1,0,0,1,0,0,0
670,1485.0,0,0,0,0,0,0,0,0,0,1,0,0,0,0,1,0,0,1,0,0,0
671,1756.0,0,0,0,0,0,0,0,0,0,1,0,0,0,0,1,0,0,1,0,0,0
672,1909.0,0,0,0,0,0,0,0,0,0,0,0,0,0,0,1,0,0,1,0,0,0
673,1714.0,0,0,0,0,0,0,0,0,0,0,0,0,0,0,1,0,0,1,0,0,0
674,1770.0,0,0,0,0,0,0,0,0,0,1,0,0,0,0,1,0,0,1,0,0,0
675,1399.0,0,0,0,0,0,0,0,0,0,1,0,0,0,0,1,0,0,1,0,0,0
676,2405.5,0,0,0,0,1,1,1,0,0,1,0,0,0,0,1,0,0,1,0,0,0
677,2152.5,0,0,0,1,0,0,0,0,0,1,0,0,0,0,1,0,0,1,0,0,0
678,2177.0,0,0,0,1,0,0,0,0,0,1,0,0,0,0,1,0,0,1,0,0,0
679,2061.0,0,0,0,1,0,0,0,0,0,1,0,0,0,0,1,0,0,1,0,0,0
680,217.0,1,0,1,0,1,1,1,0,0,1,0,0,0,0,1,0,0,1,0,0,0
681,881.5,1,0,0,0,1,1,1,0,0,1,0,0,0,0,1,0,0,1,0,0,0
682,368.0,0,0,0,0,0,0,0,0,0,0,0,0,0,0,1,0,0,1,0,0,0
683,2509.5,0,0,0,0,0,0,0,0,0,0,0,0,0,0,1,0,0,1,0,0,0
684,2257.0,0,0,0,0,0,0,0,0,0,0,0,0,0,0,1,0,0,1,0,0,0
685,2509.5,0,0,0,0,0,0,0,0,0,0,0,0,0,0,1,0,0,1,0,0,0
686,2049.5,0,0,0,0,0,0,0,0,0,0,0,0,0,0,1,0,0,1,0,0,0
687,3512.5,0,0,1,1,0,0,0,0,0,1,0,0,1,0,0,0,0,1,0,0,0
688,517.5,1,0,0,0,0,0,0,0,0,1,1,0,0,0,0,0,0,0,0,0,1
689,577.5,1,0,0,0,0,0,0,0,0,1,1,0,0,0,0,0,0,0,0,0,1
690,831.0,1,0,1,1,0,0,0,0,0,1,1,0,0,0,0,0,0,0,0,0,1
691,848.5,0,0,1,1,0,0,0,0,0,1,1,0,0,0,0,0,0,0,0,0,1
692,879.0,0,0,0,0,0,0,0,0,0,0,1,0,0,0,0,0,0,0,0,0,1
693,1480.0,0,0,0,0,0,0,0,0,0,1,1,0,0,0,0,0,0,0,0,0,1
694,1119.5,0,0,0,0,0,0,0,1,1,1,1,0,0,0,0,0,0,0,0,0,1
695,789.0,0,0,1,0,0,0,0,0,0,1,1,0,0,0,0,0,0,0,0,0,1
696,602.5,0,0,1,0,0,0,0,0,0,1,1,0,0,0,0,0,0,0,0,0,1
697,874.5,1,0,1,0,1,1,1,0,0,1,1,0,0,0,0,0,0,0,0,0,1
698,646.5,1,0,1,0,1,1,0,0,0,1,1,0,0,0,0,0,0,0,0,0,1
699,646.0,1,0,1,0,1,1,0,0,0,1,1,0,0,0,0,0,0,0,0,0,1
700,794.0,0,0,0,0,0,0,0,0,0,1,1,0,0,0,0,0,0,0,0,0,1
701,1201.5,1,0,0,0,1,1,1,1,0,1,0,0,0,0,1,0,0,0,0,0,1
702,1131.0,1,0,0,0,1,1,1,1,0,1,0,0,0,0,1,0,0,0,0,0,1
703,1135.0,1,0,0,0,1,1,1,1,0,1,0,0,0,0,1,0,0,0,0,0,1
704,1152.5,1,0,0,0,1,1,1,1,0,1,0,0,0,0,1,0,0,0,0,0,1
705,1137.5,1,0,0,0,1,1,1,1,0,1,0,0,0,0,1,0,0,0,0,0,1
706,1175.0,1,0,0,0,1,1,1,1,0,1,0,0,0,0,1,0,0,0,0,0,1
707,2382.5,0,0,0,0,0,0,0,0,0,0,0,0,0,0,1,0,0,0,0,0,1
708,1034.5,1,0,0,0,1,1,1,1,0,1,0,0,0,0,1,0,0,0,0,0,1
709,783.0,1,0,0,0,1,1,1,1,0,1,0,0,0,0,1,0,0,0,0,0,1
710,972.5,0,0,0,0,0,0,0,1,0,1,1,0,0,0,0,0,0,0,0,0,1
711,566.0,1,0,1,0,1,1,1,1,1,1,1,0,0,0,0,0,0,0,0,0,1
712,1049.0,1,0,1,0,0,0,0,1,1,1,1,0,0,0,0,0,0,0,0,0,1
713,1144.0,1,0,1,0,0,0,0,1,1,0,1,0,0,0,0,0,0,0,0,0,1
714,640.0,1,0,1,0,0,0,0,1,1,1,1,0,0,0,0,0,0,0,0,0,1
715,926.5,0,0,0,0,0,0,0,0,0,0,1,0,0,0,0,0,0,0,0,0,1
716,1551.5,0,0,0,0,0,0,0,1,1,1,1,0,0,0,0,0,0,0,0,0,1
717,1525.5,0,0,0,0,0,0,0,0,0,1,1,0,0,0,0,0,0,0,0,0,1
718,1525.0,0,0,0,0,0,0,0,0,0,1,1,0,0,0,0,0,0,0,0,0,1
719,766.0,0,0,1,0,0,0,0,1,1,1,1,0,0,0,0,0,0,0,0,0,1
720,1171.5,0,0,1,0,0,0,0,1,1,1,1,0,0,0,0,0,0,0,0,0,1
721,931.5,0,0,1,0,0,0,0,1,1,1,1,0,0,0,0,0,0,0,0,0,1
722,1710.5,0,0,1,0,0,0,0,1,1,1,1,0,0,0,0,0,0,0,0,0,1
723,430.5,0,0,0,0,0,0,0,0,0,1,1,0,0,0,0,0,0,0,0,0,1
724,614.0,0,0,0,0,0,0,0,0,0,0,1,0,0,0,0,0,0,0,0,0,1
725,986.0,0,0,1,0,0,0,0,0,0,1,1,0,0,0,0,0,0,0,0,0,1
726,855.5,0,0,1,0,0,0,0,0,0,1,1,0,0,0,0,0,0,0,0,0,1
727,857.0,0,0,1,0,0,0,0,0,0,1,1,0,0,0,0,0,0,0,0,0,1
728,844.0,0,0,0,0,0,0,0,0,0,1,1,0,0,0,0,0,0,0,0,0,1
729,988.5,0,0,0,0,0,0,0,0,0,1,1,0,0,0,0,0,0,0,0,0,1
730,878.5,0,0,0,0,0,0,0,0,0,1,1,0,0,0,0,0,0,0,0,0,1
731,994.0,0,0,0,0,0,0,0,0,0,1,1,0,0,0,0,0,0,0,0,0,1
732,1066.0,0,0,0,0,0,0,0,0,0,1,1,0,0,0,0,0,0,0,0,0,1
733,1011.5,0,0,0,0,0,0,0,0,0,1,1,0,0,0,0,0,0,0,0,0,1
734,1158.5,0,0,1,0,0,0,0,0,0,1,1,0,0,0,0,0,0,0,0,0,1
735,1008.5,0,0,0,0,0,0,0,0,0,1,1,0,0,0,0,0,0,0,0,0,1
736,998.5,0,0,0,0,0,0,0,0,0,1,1,0,0,0,0,0,0,0,0,0,1
737,991.5,0,0,0,0,0,0,0,0,0,1,1,0,0,0,0,0,0,0,0,0,1
738,855.0,0,0,0,0,0,0,0,0,0,1,1,0,0,0,0,0,0,0,0,0,1
739,987.0,0,0,0,0,0,0,0,0,0,1,1,0,0,0,0,0,0,0,0,0,1
740,615.5,0,0,0,0,0,0,0,0,0,0,1,0,0,0,0,0,0,0,0,0,1
741,695.5,0,0,0,0,0,0,0,0,0,0,1,0,0,0,0,0,0,0,0,0,1
742,413.5,0,0,0,0,0,0,0,0,0,1,1,0,0,0,0,0,0,0,0,0,1
743,431.0,0,0,0,0,0,0,0,0,0,1,1,0,0,0,0,0,0,0,0,0,1
744,1789.5,0,0,0,1,0,0,0,1,1,1,1,0,0,0,0,0,0,0,0,0,1
745,1184.5,0,0,0,0,0,0,0,0,1,1,1,0,0,0,0,0,0,0,0,0,1
746,1190.0,1,1,1,0,0,0,0,0,0,1,1,0,0,0,0,0,0,0,0,0,1
747,478.0,1,1,1,0,0,0,0,0,0,1,1,0,0,0,0,0,0,0,0,0,1
748,1410.0,0,0,1,0,0,0,0,0,0,1,1,0,0,0,0,0,0,0,0,0,1
749,1259.0,0,0,1,0,0,0,0,0,0,1,1,0,0,0,0,0,0,0,0,0,1
750,998.5,0,0,0,0,0,0,0,0,0,1,1,0,0,0,0,0,0,0,0,0,1
751,1275.5,0,0,0,0,0,0,0,1,1,1,0,0,0,0,1,0,0,0,0,0,1
752,1173.0,0,0,0,0,0,0,0,1,1,1,0,0,0,0,1,0,0,0,0,0,1
753,1297.5,0,0,0,0,0,0,0,1,1,1,0,0,0,0,1,0,0,0,0,0,1
754,1134.0,0,0,0,0,0,0,0,1,1,1,0,0,0,0,1,0,0,0,0,0,1
755,4110.0,0,0,0,0,0,0,0,0,0,1,1,0,0,0,0,0,0,0,0,0,1
756,1421.5,1,1,1,0,0,0,0,0,0,1,1,0,0,0,0,0,0,0,0,0,1
757,1566.0,1,1,1,0,0,0,0,0,0,1,1,0,0,0,0,0,0,0,0,0,1
758,637.5,1,1,1,0,0,0,0,0,1,1,1,0,0,0,0,0,0,0,0,0,1
759,3203.5,0,0,0,0,0,0,0,0,0,1,0,0,0,0,1,0,0,0,0,0,1
760,3405.5,0,0,0,0,0,0,0,0,0,1,0,0,0,0,1,0,0,0,0,0,1
761,1884.0,0,0,0,0,0,0,0,1,1,1,0,0,0,1,0,0,0,0,0,0,1
762,1886.5,0,0,0,0,0,0,0,1,1,1,0,0,0,1,0,0,0,0,0,0,1
763,1562.0,0,0,0,0,0,0,0,1,1,1,0,0,0,1,0,0,0,0,0,0,1
764,1476.5,0,0,0,0,0,0,0,1,1,1,0,0,0,1,0,0,0,0,0,0,1
765,2786.5,1,0,1,0,1,0,0,0,0,0,1,0,0,0,0,0,0,0,0,0,1
766,4634.0,1,0,0,0,1,0,0,0,0,0,1,0,0,0,0,0,0,0,0,0,1
767,1879.5,1,0,1,0,1,0,0,0,0,0,1,0,0,0,0,0,0,0,0,0,1
768,1179.0,1,1,1,0,1,0,0,1,1,1,0,0,0,1,0,0,0,0,0,0,1
769,1293.5,1,1,1,0,1,0,0,1,1,1,0,0,0,1,0,0,0,0,0,0,1
770,697.0,1,0,1,0,1,1,1,1,1,1,1,0,0,0,0,0,0,0,0,0,1
771,1874.0,0,1,1,0,0,0,0,1,1,0,1,0,0,0,0,0,0,0,0,0,1
772,1616.0,0,1,1,0,0,0,0,1,1,1,1,0,0,0,0,0,0,0,0,0,1
773,1180.5,0,1,1,0,0,0,0,1,1,1,1,0,0,0,0,0,0,0,0,0,1
774,1397.0,0,0,0,0,0,0,0,1,1,1,1,0,0,0,0,0,0,0,0,0,1
775,2538.0,0,0,0,0,0,0,0,1,0,0,1,0,0,0,0,0,0,0,0,0,1
776,3099.5,0,0,0,0,0,0,0,0,0,0,1,0,0,0,0,0,0,0,0,0,1
777,1863.5,0,0,0,0,0,0,0,1,1,0,1,0,0,0,0,0,0,0,0,0,1
778,1585.0,0,0,0,0,0,0,0,1,1,1,1,0,0,0,0,0,0,0,0,0,1
779,1207.5,1,1,1,0,1,0,1,1,1,1,1,0,0,0,0,0,0,0,0,0,1
780,1290.0,1,1,1,0,1,0,1,1,1,1,1,0,0,0,0,0,0,0,0,0,1
781,1240.5,1,1,1,0,1,0,1,1,1,1,1,0,0,0,0,0,0,0,0,0,1
782,1258.5,0,0,0,1,0,0,0,0,0,1,1,0,0,0,0,0,0,0,0,0,1
783,1203.0,0,0,0,0,0,0,0,0,0,1,1,0,0,0,0,0,0,0,0,0,1
784,1175.0,0,0,0,0,0,0,0,0,0,1,1,0,0,0,0,0,0,0,0,0,1
785,1069.5,0,0,0,1,0,0,0,0,0,1,1,0,0,0,0,0,0,0,0,0,1
786,156.0,0,0,0,0,0,0,0,0,0,0,1,0,0,0,0,0,0,0,0,0,1
787,1054.5,0,0,0,0,0,0,0,0,0,1,1,0,0,0,0,0,0,0,0,0,1
788,1066.5,0,0,0,0,0,0,0,0,0,1,1,0,0,0,0,0,0,0,0,0,1
789,1184.5,0,0,0,0,0,0,0,0,0,1,1,0,0,0,0,0,0,0,0,0,1
790,2505.0,0,0,1,0,0,0,0,0,0,0,1,0,0,0,0,0,0,0,0,0,1
791,2420.5,0,0,1,0,0,0,0,0,0,0,1,0,0,0,0,0,0,0,0,0,1
792,527.0,1,1,1,0,1,0,0,0,0,1,1,0,0,0,0,0,0,0,0,0,1
793,501.5,1,1,1,0,1,1,1,0,0,1,1,0,0,0,0,0,0,0,0,0,1
794,289.0,1,1,1,0,1,0,0,1,0,1,1,0,0,0,0,0,0,0,0,0,1
795,1693.5,0,0,0,0,0,0,0,1,0,1,0,0,0,0,1,0,0,0,0,0,1
796,2004.0,0,0,0,0,0,0,0,1,0,1,0,0,0,0,1,0,0,0,0,0,1
797,1666.0,0,0,0,0,0,0,0,1,0,1,0,0,0,0,1,0,0,0,0,0,1
798,2187.5,0,0,0,0,0,0,0,0,0,0,1,0,0,0,0,0,0,0,0,0,1
799,1437.5,0,0,0,0,0,0,0,0,0,1,1,0,0,0,0,0,0,0,0,0,1
800,1350.0,0,0,0,0,0,0,0,0,0,1,1,0,0,0,0,0,0,0,0,0,1
801,953.5,0,0,0,0,0,0,0,0,0,1,1,0,0,0,0,0,0,0,0,0,1
802,1122.0,1,1,0,1,1,1,1,0,1,1,0,0,0,0,1,0,0,0,0,0,1
803,929.0,1,1,0,1,1,1,1,0,1,1,0,0,0,0,1,0,0,0,0,0,1
804,996.5,1,1,1,0,1,1,1,0,0,1,0,0,0,0,1,0,0,0,0,0,1
805,406.5,1,1,1,0,1,1,1,0,1,1,0,0,0,0,1,0,0,0,0,0,1
806,791.0,0,0,0,1,0,0,0,1,0,1,0,0,0,0,1,0,0,0,0,0,1
807,1617.5,0,0,0,0,0,0,0,0,0,1,0,0,0,0,1,0,0,0,0,0,1
808,1181.0,0,0,0,0,0,0,0,0,0,1,1,0,0,0,0,0,0,0,0,0,1
809,1165.5,0,0,0,0,0,0,0,0,0,1,1,0,0,0,0,0,0,0,0,0,1
810,1076.5,0,0,0,0,0,0,0,0,0,1,1,0,0,0,0,0,0,0,0,0,1
811,2641.0,0,0,0,0,0,0,0,0,0,0,1,0,0,0,0,0,0,0,0,0,1
812,1273.5,0,0,0,0,0,0,0,0,0,1,1,0,0,0,0,0,0,0,0,0,1
813,862.5,1,0,0,0,0,0,0,0,0,0,1,0,0,0,0,0,0,0,0,0,1
814,863.0,1,0,0,0,0,0,0,0,0,0,1,0,0,0,0,0,0,0,0,0,1
815,1172.5,1,0,0,0,0,0,0,0,0,0,1,0,0,0,0,0,0,0,0,0,1
816,1187.0,1,0,0,0,0,0,0,0,0,0,1,0,0,0,0,0,0,0,0,0,1
817,986.0,1,0,0,0,0,0,0,0,0,0,1,0,0,0,0,0,0,0,0,0,1
818,596.5,1,0,1,0,0,0,0,0,0,0,1,0,0,0,0,0,0,0,0,0,1
819,1388.5,1,0,1,0,0,0,0,0,0,0,1,0,0,0,0,0,0,0,0,0,1
820,1231.0,1,0,1,1,1,0,0,0,0,0,1,0,0,0,0,0,0,0,0,0,1
821,1171.0,1,0,1,0,1,0,0,0,0,0,1,0,0,0,0,0,0,0,0,0,1
822,1317.5,0,0,1,1,0,0,0,0,0,0,1,0,0,0,0,0,0,0,0,0,1
823,1077.0,1,1,1,1,1,0,1,0,1,1,1,0,0,0,0,0,0,0,0,0,1
824,1256.0,1,1,1,1,1,0,0,0,0,1,1,0,0,0,0,0,0,0,0,0,1
825,862.5,1,1,1,1,1,0,1,0,1,1,1,0,0,0,0,0,0,0,0,0,1
826,1529.5,1,1,1,1,1,0,0,0,0,1,1,0,0,0,0,0,0,0,0,0,1
827,1435.0,1,1,1,1,1,0,0,0,0,1,1,0,0,0,0,0,0,0,0,0,1
828,1153.5,1,1,1,1,1,0,1,0,1,1,1,0,0,0,0,0,0,0,0,0,1
829,1107.5,1,1,1,1,1,0,1,0,1,1,1,0,0,0,0,0,0,0,0,0,1
830,1195.5,1,1,1,1,1,0,1,0,1,1,1,0,0,0,0,0,0,0,0,0,1
831,1181.5,1,1,1,1,1,0,1,0,1,1,1,0,0,0,0,0,0,0,0,0,1
832,1346.0,1,1,1,1,1,0,0,0,0,1,1,0,0,0,0,0,0,0,0,0,1
833,983.5,1,0,1,1,1,0,0,0,0,0,1,0,0,0,0,0,0,0,0,0,1
834,1070.5,1,1,1,1,1,0,1,0,0,0,1,0,0,0,0,0,0,0,0,0,1
835,1169.5,1,0,1,1,1,0,0,0,0,0,1,0,0,0,0,0,0,0,0,0,1
836,1202.5,1,0,1,1,1,0,0,0,0,0,1,0,0,0,0,0,0,0,0,0,1
837,1265.5,1,1,1,1,1,0,1,0,0,0,1,0,0,0,0,0,0,0,0,0,1
838,1230.5,1,1,1,1,1,0,1,0,0,0,1,0,0,0,0,0,0,0,0,0,1
839,1200.5,1,0,1,1,1,0,1,0,0,0,1,0,0,0,0,0,0,0,0,0,1
840,1242.5,1,1,1,1,1,0,1,0,0,0,1,0,0,0,0,0,0,0,0,0,1
841,1261.0,1,1,1,1,1,0,1,0,0,0,1,0,0,0,0,0,0,0,0,0,1
842,1235.5,1,1,1,1,1,0,1,0,0,0,1,0,0,0,0,0,0,0,0,0,1
843,1177.5,1,0,1,1,1,0,1,0,0,0,1,0,0,0,0,0,0,0,0,0,1
844,1241.5,1,0,1,1,1,0,1,0,0,0,1,0,0,0,0,0,0,0,0,0,1
845,1065.5,1,1,1,1,1,1,1,0,0,0,1,0,0,0,0,0,0,0,0,0,1
846,1161.5,1,0,1,1,1,0,1,0,0,1,1,0,0,0,0,0,0,0,0,0,1
847,1189.0,1,0,1,1,1,0,1,0,0,1,1,0,0,0,0,0,0,0,0,0,1
848,1149.5,1,0,1,1,1,0,1,0,0,1,1,0,0,0,0,0,0,0,0,0,1
849,1231.0,1,1,1,1,1,0,1,0,0,0,1,0,0,0,0,0,0,0,0,0,1
850,1169.5,1,0,1,1,1,1,1,0,0,1,1,0,0,0,0,0,0,0,0,0,1
851,1152.5,1,1,1,1,1,1,1,0,0,1,1,0,0,0,0,0,0,0,0,0,1
852,1203.5,1,1,1,1,1,1,1,0,0,1,1,0,0,0,0,0,0,0,0,0,1
853,1232.5,0,0,0,1,0,0,0,0,0,1,1,0,0,0,0,0,0,0,0,0,1
854,1161.0,1,0,1,1,1,0,1,0,0,1,1,0,0,0,0,0,0,0,0,0,1
855,1182.5,0,0,1,1,0,0,0,0,0,0,1,0,0,0,0,0,0,0,0,0,1
856,1200.5,0,0,1,1,0,0,0,0,0,0,1,0,0,0,0,0,0,0,0,0,1
857,1170.5,0,0,0,0,0,0,0,0,0,0,1,0,0,0,0,0,0,0,0,0,1
858,1471.0,1,0,1,1,1,0,0,0,0,0,1,0,0,0,0,0,0,0,0,0,1
859,1341.5,1,0,1,1,1,0,1,0,0,0,1,0,0,0,0,0,0,0,0,0,1
860,1311.0,1,0,1,1,1,0,1,0,0,0,1,0,0,0,0,0,0,0,0,0,1
861,273.0,1,0,1,1,1,1,1,0,1,1,1,0,0,0,0,0,0,0,0,0,1
862,386.5,1,0,1,1,1,1,1,0,1,1,1,0,0,0,0,0,0,0,0,0,1
863,1470.5,0,0,0,0,0,0,0,0,1,1,1,0,0,0,0,0,0,0,0,0,1
864,1501.0,0,0,0,0,0,0,0,0,1,1,1,0,0,0,0,0,0,0,0,0,1
865,1459.5,0,0,0,0,0,0,0,0,1,1,1,0,0,0,0,0,0,0,0,0,1
866,1152.0,0,0,0,0,0,0,0,0,1,1,1,0,0,0,0,0,0,0,0,0,1
867,1331.5,0,0,0,0,0,0,0,0,1,1,1,0,0,0,0,0,0,0,0,0,1
868,1192.5,0,0,0,0,0,0,0,0,1,1,1,0,0,0,0,0,0,0,0,0,1
869,1503.5,0,0,0,0,0,0,0,0,1,1,1,0,0,0,0,0,0,0,0,0,1
870,1163.5,0,0,0,0,0,0,0,0,0,1,1,0,0,0,0,0,0,0,0,0,1
871,1153.0,0,0,0,0,0,0,0,0,0,0,1,0,0,0,0,0,0,0,0,0,1
872,1473.0,0,0,0,0,0,0,0,0,0,0,1,0,0,0,0,0,0,0,0,0,1
873,2961.0,0,0,0,0,0,0,0,0,1,1,1,0,0,0,0,0,0,0,0,0,1
874,1179.0,0,0,0,0,0,0,0,0,1,1,1,0,0,0,0,0,0,0,0,0,1
875,1167.0,0,0,0,0,0,0,0,0,0,1,1,0,0,0,0,0,0,0,0,0,1
876,4939.0,0,0,0,0,0,0,0,0,1,1,1,0,0,0,0,0,0,0,0,0,1
877,5395.5,0,0,0,0,0,0,0,0,0,0,1,0,0,0,0,0,0,0,0,0,1
878,1875.5,0,1,0,0,0,0,0,0,0,0,1,0,0,0,0,0,0,0,0,0,1
879,1706.5,1,1,1,0,1,1,0,0,0,0,1,0,0,0,0,0,0,0,0,0,1
880,4435.0,1,1,1,0,1,0,0,0,0,0,1,0,0,0,0,0,0,0,0,0,1
881,6106.5,1,1,1,0,1,0,0,0,0,0,1,0,0,0,0,0,0,0,0,0,1
882,1412.0,1,1,0,0,1,0,1,0,0,0,1,0,0,0,0,0,0,0,0,0,1
883,1409.5,0,0,0,0,0,0,0,0,0,1,1,0,0,0,0,0,0,0,0,0,1
884,1453.5,1,1,1,0,1,1,1,0,0,0,1,0,0,0,0,0,0,0,0,0,1
885,5832.0,1,1,0,0,1,1,0,0,0,0,1,0,0,0,0,0,0,0,0,0,1
886,2040.0,1,1,1,0,1,1,1,0,0,1,1,0,0,0,0,0,0,0,0,0,1
887,1133.0,0,0,0,0,0,0,0,0,0,1,1,0,0,0,0,0,0,0,0,0,1
888,1801.5,1,0,0,0,0,0,0,0,0,0,1,0,0,0,0,0,0,0,0,0,1
889,6095.5,1,0,1,0,1,0,0,0,0,1,1,0,0,0,0,0,0,0,0,0,1
890,524.0,1,0,1,0,1,0,0,0,0,1,1,0,0,0,0,0,0,0,0,0,1
891,5086.0,1,0,1,0,1,0,0,0,0,0,1,0,0,0,0,0,0,0,0,0,1
892,1474.5,1,0,1,0,1,0,0,0,0,0,1,0,0,0,0,0,0,0,0,0,1
893,5081.0,1,0,1,0,1,0,0,0,0,1,1,0,0,0,0,0,0,0,0,0,1
894,1294.0,1,0,1,0,1,0,0,0,0,1,1,0,0,0,0,0,0,0,0,0,1
895,619.0,1,0,1,0,1,0,0,0,0,1,1,0,0,0,0,0,0,0,0,0,1
896,3293.0,1,0,1,0,1,0,0,0,0,0,1,0,0,0,0,0,0,0,0,0,1
897,5572.0,1,0,1,0,1,0,0,0,0,1,1,0,0,0,0,0,0,0,0,0,1
898,894.0,1,0,1,0,1,0,0,0,0,1,1,0,0,0,0,0,0,0,0,0,1
899,1340.0,1,0,1,0,1,0,0,0,0,1,1,0,0,0,0,0,0,0,0,0,1
900,5822.5,1,0,1,0,0,0,0,0,0,0,1,0,0,0,0,0,0,0,0,0,1
901,1065.5,1,0,1,0,0,0,0,1,1,1,1,0,0,0,0,0,0,0,0,0,1
902,1471.5,1,0,1,0,0,0,1,1,1,1,1,0,0,0,0,0,0,0,0,0,1
903,1468.5,1,0,1,0,0,0,1,1,1,1,1,0,0,0,0,0,0,0,0,0,1
904,1070.5,0,0,0,0,0,0,0,1,1,1,1,0,0,0,0,0,0,0,0,0,1
905,1076.5,0,0,0,0,0,0,0,1,1,1,1,0,0,0,0,0,0,0,0,0,1
906,1076.5,0,0,0,0,0,0,0,1,1,1,1,0,0,0,0,0,0,0,0,0,1
907,1489.5,0,0,0,0,0,0,0,1,1,1,1,0,0,0,0,0,0,0,0,0,1
908,874.0,0,0,0,0,0,0,0,1,1,1,1,0,0,0,0,0,0,0,0,0,1
909,824.0,1,0,0,0,0,0,0,1,1,1,1,0,0,0,0,0,0,0,0,0,1
910,583.0,1,0,1,0,1,1,0,1,1,1,0,0,0,1,0,0,0,0,0,0,1
911,953.0,1,0,0,0,1,1,0,1,1,1,0,0,0,1,0,0,0,0,0,0,1
912,1127.0,0,0,0,0,0,0,0,1,0,1,0,0,0,1,0,0,0,0,0,0,1
913,1000.0,0,0,0,0,0,0,0,1,0,1,0,0,0,1,0,0,0,0,0,0,1
914,1100.0,1,0,0,1,1,1,1,0,0,1,0,0,0,1,0,0,0,0,0,0,1
915,2286.0,0,0,0,0,0,0,0,0,0,0,0,0,0,0,1,0,0,0,0,0,1
916,718.5,0,0,0,0,0,0,0,0,0,0,0,0,1,0,0,0,0,0,0,0,1
917,243.5,0,0,0,0,0,0,0,0,0,0,0,0,1,0,0,0,0,0,0,0,1
918,228.5,0,0,0,0,0,0,0,0,0,0,0,0,1,0,0,0,0,0,0,0,1
919,229.5,0,0,0,0,0,0,0,0,0,0,0,0,1,0,0,0,0,0,0,0,1
920,3121.5,0,0,0,0,0,0,0,0,0,1,0,0,1,0,0,0,0,0,0,0,1
921,1973.0,0,0,0,0,0,0,0,0,0,1,0,0,1,0,0,0,0,0,0,0,1
922,246.0,1,0,0,0,1,0,0,0,0,1,0,0,1,0,0,0,0,0,0,0,1
923,249.0,1,0,0,0,1,0,0,0,0,1,0,0,1,0,0,0,0,0,0,0,1
924,3173.0,1,0,0,0,0,0,0,0,0,1,0,0,0,0,1,0,0,0,0,0,1
925,820.0,0,0,0,0,0,0,0,0,0,1,0,0,1,0,0,0,0,0,0,0,1
926,309.5,1,1,1,0,1,0,0,0,0,0,0,0,1,0,0,0,0,0,0,0,1
927,389.0,1,1,1,0,1,0,0,0,0,0,0,0,1,0,0,0,0,0,0,0,1
928,5602.5,0,0,0,0,0,0,0,0,0,1,0,0,1,0,0,0,0,0,0,0,1
929,5597.0,0,0,0,0,0,0,0,0,0,1,0,0,1,0,0,0,0,0,0,0,1
930,4709.5,0,0,0,0,0,0,0,0,0,1,0,0,1,0,0,0,0,0,0,0,1
931,1734.0,1,1,1,0,1,1,1,0,0,1,0,0,1,0,0,0,0,0,0,0,1
932,1651.0,0,0,0,0,0,0,0,0,0,1,0,0,1,0,0,0,0,0,0,0,1
933,1613.0,0,0,0,0,0,0,0,0,0,1,0,0,1,0,0,0,0,0,0,0,1
934,2958.5,0,0,0,0,1,1,1,0,0,1,0,0,1,0,0,0,0,0,0,0,1
935,994.0,1,1,0,1,1,1,0,0,0,1,0,0,1,0,0,0,0,0,0,0,1
936,4563.0,1,0,0,1,1,1,1,0,0,1,0,0,1,0,0,0,0,0,0,0,1
937,2547.0,0,0,0,0,0,0,0,0,0,0,0,0,1,0,0,0,0,0,0,0,1
938,436.5,0,0,0,0,0,0,0,0,0,0,0,0,1,0,0,0,0,0,0,0,1
939,1524.5,0,0,0,0,0,0,0,0,0,1,0,0,1,0,0,0,0,0,0,0,1
940,918.5,0,0,0,1,0,0,0,1,0,1,0,0,1,0,0,0,0,0,0,0,1
941,5099.0,1,0,0,1,1,0,0,1,1,1,0,0,1,0,0,0,0,0,0,0,1
942,664.5,0,0,0,1,0,0,0,1,0,0,0,0,1,0,0,0,0,0,0,0,1
943,2150.5,1,1,1,1,1,1,1,0,0,1,0,0,1,0,0,0,0,0,0,0,1
944,2415.5,1,1,1,1,1,1,1,0,0,1,0,0,1,0,0,0,0,0,0,0,1
945,2596.0,1,1,1,1,1,1,1,0,0,1,0,0,1,0,0,0,0,0,0,0,1
946,2628.0,1,1,1,1,1,1,1,0,0,1,0,0,1,0,0,0,0,0,0,0,1
947,2974.5,0,0,0,0,0,0,0,0,0,1,0,0,1,0,0,0,0,0,0,0,1
948,3014.0,0,0,0,0,0,0,0,0,0,1,0,0,1,0,0,0,0,0,0,0,1
949,3018.0,1,1,1,1,1,1,1,0,0,1,0,0,1,0,0,0,0,0,0,0,1
950,3018.0,0,0,0,0,0,0,0,0,0,1,0,0,1,0,0,0,0,0,0,0,1
951,3057.5,0,0,0,0,0,0,0,0,0,1,0,0,1,0,0,0,0,0,0,0,1
952,3089.5,0,0,0,0,0,0,0,0,0,1,0,0,1,0,0,0,0,0,0,0,1
953,495.0,0,0,0,0,0,0,0,0,0,1,0,0,1,0,0,0,0,0,0,0,1
954,1117.5,0,0,0,0,0,0,0,0,0,1,0,0,1,0,0,0,0,0,0,0,1
955,1165.5,0,0,0,0,0,0,0,0,0,1,0,0,1,0,0,0,0,0,0,0,1
956,3045.0,0,0,0,0,0,0,0,0,0,1,0,0,1,0,0,0,0,0,0,0,1
957,369.5,1,1,1,1,1,1,1,0,0,1,0,0,1,0,0,0,0,0,0,0,1
958,3588.0,1,0,0,0,1,1,1,0,0,1,0,0,1,0,0,0,0,0,0,0,1
959,5595.5,1,0,0,0,1,1,1,0,0,1,0,0,1,0,0,0,0,0,0,0,1
960,250.0,1,0,0,0,1,1,1,0,0,1,0,0,1,0,0,0,0,0,0,0,1
961,2025.5,0,0,0,0,0,0,0,0,0,1,0,0,1,0,0,0,0,0,0,0,1
962,2215.5,0,0,0,0,0,0,0,0,0,1,0,0,1,0,0,0,0,0,0,0,1
963,5353.0,0,0,0,0,0,0,0,0,0,1,0,0,1,0,0,0,0,0,0,0,1
964,4266.0,1,0,0,1,0,0,0,0,0,1,0,0,1,0,0,0,0,0,0,0,1
965,3657.0,1,1,0,1,1,0,0,0,0,0,0,0,1,0,0,0,0,0,0,0,1
966,3518.0,1,1,0,1,1,0,0,0,0,0,0,0,1,0,0,0,0,0,0,0,1
967,4020.5,0,0,0,0,0,0,0,0,0,0,0,0,1,0,0,0,0,0,0,0,1
968,3802.0,1,1,0,0,0,0,0,0,0,1,0,0,1,0,0,0,0,0,0,0,1
969,877.5,1,1,0,0,0,0,0,0,0,1,0,0,1,0,0,0,0,0,0,0,1
970,989.0,1,1,0,0,0,0,0,0,0,1,0,0,1,0,0,0,0,0,0,0,1
971,480.5,1,1,0,0,1,0,0,0,1,1,0,0,1,0,0,0,0,0,0,0,1
972,1128.0,0,0,0,0,0,0,0,0,1,1,0,0,1,0,0,0,0,0,0,0,1
973,1505.0,0,0,0,0,0,0,0,0,1,1,0,0,1,0,0,0,0,0,0,0,1
974,249.0,1,0,0,1,0,0,0,0,1,1,0,0,1,0,0,0,0,0,0,0,1
975,221.0,1,1,0,0,1,1,1,0,0,1,0,0,1,0,0,0,0,0,0,0,1
976,324.0,0,0,0,0,0,0,0,0,0,1,0,0,1,0,0,0,0,0,0,0,1
977,227.0,0,0,0,0,0,0,0,0,0,1,0,0,1,0,0,0,0,0,0,0,1
978,472.0,0,0,0,0,0,0,0,0,0,1,0,0,1,0,0,0,0,0,0,0,1
979,254.5,0,0,0,0,0,0,0,0,0,1,0,0,1,0,0,0,0,0,0,0,1
980,224.0,0,0,0,0,0,0,0,0,0,1,0,0,1,0,0,0,0,0,0,0,1
981,418.0,0,0,0,0,0,0,0,0,0,0,0,0,1,0,0,0,0,0,0,0,1
982,209.5,0,0,0,0,0,0,0,0,0,0,0,0,1,0,0,0,0,0,0,0,1
983,379.0,0,0,0,0,0,0,0,0,0,0,0,0,1,0,0,0,0,0,0,0,1
984,403.0,0,0,0,0,0,0,0,0,0,0,0,0,1,0,0,0,0,0,0,0,1
985,224.0,0,0,0,0,0,0,0,0,0,0,0,0,1,0,0,0,0,0,0,0,1
986,222.5,0,0,0,0,0,0,0,0,0,0,0,0,1,0,0,0,0,0,0,0,1
987,431.0,0,0,0,0,0,0,0,0,0,0,0,0,1,0,0,0,0,0,0,0,1
988,157.5,0,0,0,0,0,0,0,0,0,0,0,0,1,0,0,0,0,0,0,0,1
989,144.0,0,0,0,0,0,0,0,0,0,0,0,0,1,0,0,0,0,0,0,0,1
990,147.0,0,0,0,0,0,0,0,0,0,0,0,0,1,0,0,0,0,0,0,0,1
991,216.5,0,0,0,0,0,0,0,0,1,0,0,0,1,0,0,0,0,0,0,0,1
992,1444.0,0,0,0,0,0,0,0,1,0,0,0,0,0,0,1,0,0,0,0,0,1
993,1709.0,0,0,0,0,0,0,0,1,0,0,0,0,0,0,1,0,0,0,0,0,1
994,1344.0,0,0,0,0,0,0,0,1,0,0,0,0,0,0,1,0,0,0,0,0,1
995,1805.5,0,0,0,0,0,0,0,1,0,0,0,0,0,0,1,0,0,0,0,0,1
996,1717.0,0,0,0,0,0,0,0,1,0,0,0,0,0,0,1,0,0,0,0,0,1
997,1747.5,0,0,0,0,0,0,0,1,0,0,0,0,0,0,1,0,0,0,0,0,1
998,1836.0,0,0,0,0,0,0,0,1,0,0,0,0,0,0,1,0,0,0,0,0,1
999,2049.0,0,0,0,0,0,0,0,1,0,0,0,0,0,0,1,0,0,0,0,0,1
1000,1286.5,0,0,0,0,0,0,0,1,0,0,0,0,0,0,1,0,0,0,0,0,1
1001,1395.5,0,0,0,0,0,0,0,1,0,0,0,0,0,0,1,0,0,0,0,0,1
1002,1520.5,0,0,0,0,0,0,0,1,0,0,0,0,0,0,1,0,0,0,0,0,1
1003,1303.5,0,0,0,0,0,0,0,1,0,0,0,0,0,0,1,0,0,0,0,0,1
1004,1435.0,0,0,0,0,0,0,0,1,0,0,0,0,0,0,1,0,0,0,0,0,1
1005,1564.0,0,0,0,0,0,0,0,1,0,0,0,0,0,0,1,0,0,0,0,0,1
1006,1537.5,0,0,0,0,0,0,0,1,0,0,0,0,0,0,1,0,0,0,0,0,1
1007,1615.0,0,0,0,0,0,0,0,1,0,0,0,0,0,0,1,0,0,0,0,0,1
1008,1441.0,0,0,0,0,0,0,0,1,0,0,0,0,0,0,1,0,0,0,0,0,1
1009,1506.0,0,0,0,0,0,0,0,1,0,0,0,0,0,0,1,0,0,0,0,0,1
1010,1757.0,0,0,0,0,0,0,0,1,0,0,0,0,0,0,1,0,0,0,0,0,1
1011,2558.5,0,0,0,0,0,0,0,1,0,0,0,0,0,0,1,0,0,0,0,0,1
1012,1830.0,0,0,0,0,0,0,0,1,0,0,0,0,0,0,1,0,0,0,0,0,1
1013,1403.0,0,0,0,0,0,0,0,1,0,0,0,0,0,0,1,0,0,0,0,0,1
1014,1556.5,0,0,0,0,0,0,0,1,0,0,0,0,0,0,1,0,0,0,0,0,1
1015,1616.0,0,0,0,0,0,0,0,1,0,0,0,0,0,0,1,0,0,0,0,0,1
1016,1717.0,0,0,0,0,0,0,0,0,0,1,0,0,0,0,1,0,0,0,0,0,1
1017,1411.0,0,0,0,0,0,0,0,0,0,1,0,0,0,0,1,0,0,0,0,0,1
1018,2461.0,0,0,0,0,0,0,0,0,0,1,0,0,0,0,1,0,0,0,0,0,1
1019,1712.5,0,0,0,0,0,0,0,0,0,1,0,0,0,0,1,0,0,0,0,0,1
1020,1677.5,0,0,0,0,0,0,0,0,0,1,0,0,0,0,1,0,0,0,0,0,1
1021,2598.5,0,0,0,0,0,0,0,0,0,1,0,0,0,0,1,0,0,0,0,0,1
1022,2512.0,0,0,0,0,0,0,0,0,0,1,0,0,0,0,1,0,0,0,0,0,1
1023,2442.5,0,0,0,0,0,0,0,0,0,1,0,0,0,0,1,0,0,0,0,0,1
1024,1810.5,0,0,0,0,0,0,0,0,0,1,0,0,0,0,1,0,0,0,0,0,1
1025,866.0,0,0,0,0,0,0,0,0,0,1,0,0,0,0,1,0,0,0,0,0,1
1026,1813.0,0,0,0,0,0,0,0,0,0,1,0,0,0,0,1,0,0,0,0,0,1
1027,952.5,0,0,0,0,0,0,0,0,0,1,0,0,0,0,1,0,0,0,0,0,1
1028,786.0,0,0,0,0,0,0,0,1,0,0,0,0,0,0,1,0,0,0,0,0,1
1029,572.0,0,0,0,0,0,0,0,1,0,0,0,0,0,0,1,0,0,0,0,0,1
1030,402.0,0,0,0,0,0,0,0,1,0,1,0,0,0,0,1,0,0,0,0,0,1
1031,788.5,0,0,0,0,0,0,0,1,0,1,0,0,0,0,1,0,0,0,0,0,1
1032,800.5,0,0,0,0,0,0,0,1,0,0,0,0,0,0,1,0,0,0,0,0,1
1033,822.5,0,0,0,0,0,0,0,1,0,0,0,0,0,0,1,0,0,0,0,0,1
1034,831.0,0,0,0,0,0,0,0,1,0,0,0,0,0,0,1,0,0,0,0,0,1
1035,800.5,0,0,0,0,0,0,0,1,0,1,0,0,0,0,1,0,0,0,0,0,1
1036,151.0,0,0,0,0,0,0,0,1,1,1,0,0,0,0,1,0,0,0,0,0,1
1037,216.0,0,0,0,0,0,0,0,1,1,1,0,0,0,0,1,0,0,0,0,0,1
1038,298.5,0,0,0,1,0,0,0,1,1,1,0,0,0,0,1,0,0,0,0,0,1
1039,223.0,0,0,0,0,0,0,0,1,1,1,0,0,0,0,1,0,0,0,0,0,1
1040,220.0,0,0,0,0,0,0,0,1,1,1,0,0,0,0,1,0,0,0,0,0,1
1041,4690.0,1,0,0,0,1,1,1,0,0,1,0,0,0,0,1,0,0,0,0,0,1
1042,2205.5,1,0,0,0,1,1,1,0,0,1,0,0,0,0,1,0,0,0,0,0,1
1043,1430.5,1,0,0,0,1,1,1,0,0,1,0,0,0,0,1,0,0,0,0,0,1
1044,1813.5,0,0,0,0,0,0,0,0,0,1,0,0,0,0,1,0,0,0,0,0,1
1045,1816.0,0,0,0,0,0,0,0,0,0,1,0,0,0,0,1,0,0,0,0,0,1
1046,3447.5,0,0,0,0,0,0,0,0,0,1,0,0,0,0,1,0,0,0,0,0,1
1047,3291.0,0,0,0,0,0,0,0,0,0,1,0,0,0,0,1,0,0,0,0,0,1
1048,1281.5,0,0,0,0,0,0,0,0,0,1,0,0,0,0,1,0,0,0,0,0,1
1049,2212.0,0,0,0,0,0,0,0,0,0,0,0,0,0,0,1,0,0,0,0,0,1
1050,3370.5,0,0,0,0,0,0,1,0,0,0,0,0,0,0,1,0,0,0,0,0,1
1051,5660.5,1,0,0,0,1,1,1,0,0,1,0,0,0,0,1,0,0,0,0,0,1
1052,5757.5,0,0,0,0,0,0,0,0,0,1,0,0,0,0,1,0,0,0,0,0,1
1053,1811.0,0,0,0,0,0,0,0,0,0,1,0,0,0,0,1,0,0,0,0,0,1
1054,2339.5,0,0,0,0,0,0,0,0,0,1,0,0,0,0,1,0,0,0,0,0,1
1055,451.0,0,0,0,0,1,1,0,0,0,1,0,0,0,0,1,0,0,0,0,0,1
1056,692.0,0,0,0,0,0,0,0,0,0,1,0,0,0,0,1,0,0,0,0,0,1
1057,976.5,0,0,0,0,0,0,0,0,0,1,0,0,0,0,1,0,0,0,0,0,1
1058,6073.5,0,0,0,0,0,0,0,0,0,1,0,0,0,0,1,0,0,0,0,0,1
1059,1392.0,0,0,0,0,0,0,0,0,0,1,0,0,0,0,1,0,0,0,0,0,1
1060,983.0,0,0,0,0,1,1,0,0,0,1,0,0,0,0,1,0,0,0,0,0,1
1061,930.0,0,0,0,0,0,0,0,1,0,1,0,0,0,0,1,0,0,0,0,0,1
1062,4281.0,1,0,0,0,0,0,0,0,1,1,0,0,1,0,0,0,0,0,0,0,1
1063,4109.5,1,0,0,0,0,0,0,0,1,1,0,0,1,0,0,0,0,0,0,0,1
1064,4247.0,1,0,0,0,0,0,0,0,1,1,0,0,1,0,0,0,0,0,0,0,1
1065,2062.5,0,0,0,0,0,0,0,0,0,0,0,0,1,0,0,0,0,0,0,0,1
1066,1936.5,0,0,0,0,0,0,0,0,0,0,0,0,1,0,0,0,0,0,0,0,1
1067,1770.0,0,0,0,0,0,0,0,0,0,0,0,0,1,0,0,0,0,0,0,0,1
1068,2419.0,0,0,0,0,0,0,0,0,0,0,0,0,1,0,0,0,0,0,0,0,1
1069,2610.5,0,0,0,0,0,0,0,0,0,0,0,0,1,0,0,0,0,0,0,0,1
1070,2148.5,0,0,0,0,0,0,0,0,0,0,0,0,1,0,0,0,0,0,0,0,1
1071,1937.0,0,0,0,0,0,0,0,0,0,0,0,0,1,0,0,0,0,0,0,0,1
1072,2284.0,0,0,0,0,0,0,0,0,0,0,0,0,1,0,0,0,0,0,0,0,1
1073,1947.5,0,0,0,0,0,0,0,0,0,0,0,0,1,0,0,0,0,0,0,0,1
1074,2596.0,0,0,0,0,0,0,0,0,0,0,0,0,1,0,0,0,0,0,0,0,1
1075,1651.5,0,0,0,0,0,0,0,0,0,0,0,0,1,0,0,0,0,0,0,0,1
1076,158.5,1,0,1,1,0,0,0,0,0,1,1,0,0,0,0,0,0,0,0,0,1
1077,525.0,0,0,1,1,0,0,0,0,0,1,1,0,0,0,0,0,0,0,0,0,1
1078,598.5,0,0,1,1,0,0,0,0,0,1,1,0,0,0,0,0,0,0,0,0,1
1079,2675.0,1,1,1,1,1,0,0,0,0,1,0,0,0,0,1,0,0,0,0,0,1
1080,495.5,0,0,0,0,0,0,0,0,0,1,0,0,0,1,0,0,0,0,0,0,1
1081,526.0,1,1,1,1,1,1,0,0,1,1,0,0,0,1,0,0,0,0,0,0,1
1082,703.0,1,1,1,1,1,1,0,0,1,1,0,0,0,1,0,0,0,0,0,0,1
1083,709.0,1,1,1,1,1,1,0,0,1,1,0,0,0,1,0,0,0,0,0,0,1
1084,227.5,0,0,0,1,0,0,0,0,0,1,0,0,0,1,0,0,0,0,0,0,1
1085,723.0,0,0,0,1,0,0,0,0,0,1,0,0,0,1,0,0,0,0,0,0,1
1086,1406.5,0,0,0,1,0,0,0,0,0,1,0,0,0,1,0,0,0,0,0,0,1
1087,244.5,0,0,0,1,0,0,0,0,0,1,0,0,0,1,0,0,0,0,0,0,1
1088,1254.5,0,0,0,1,0,0,0,0,0,1,0,0,0,1,0,0,0,0,0,0,1
1089,326.0,0,0,0,0,0,0,0,0,0,0,1,0,0,0,0,0,1,0,0,0,0
1090,900.0,0,0,0,0,0,0,0,0,0,1,1,0,0,0,0,0,1,0,0,0,0
1091,1151.0,0,0,0,0,0,0,0,0,0,1,1,0,0,0,0,0,1,0,0,0,0
1092,1151.5,0,0,0,0,0,0,0,0,0,1,1,0,0,0,0,0,1,0,0,0,0
1093,1067.5,0,0,0,0,0,0,0,0,0,1,1,0,0,0,0,0,1,0,0,0,0
1094,1175.0,0,0,0,0,0,0,0,0,0,1,1,0,0,0,0,0,1,0,0,0,0
1095,1084.5,0,0,0,0,0,0,0,0,0,1,1,0,0,0,0,0,1,0,0,0,0
1096,1155.0,0,0,0,0,0,0,0,0,0,1,1,0,0,0,0,0,1,0,0,0,0
1097,1168.5,0,0,0,0,0,0,0,0,0,1,1,0,0,0,0,0,1,0,0,0,0
1098,1876.5,0,0,0,0,0,0,0,0,0,1,1,0,0,0,0,0,1,0,0,0,0
1099,559.0,0,0,0,0,0,0,0,0,0,1,1,0,0,0,0,0,1,0,0,0,0
1100,822.5,0,0,0,0,0,0,0,0,0,1,1,0,0,0,0,0,1,0,0,0,0
1101,1169.0,0,0,0,0,0,0,0,0,0,1,1,0,0,0,0,0,1,0,0,0,0
1102,704.0,0,0,0,0,0,0,0,0,0,1,1,0,0,0,0,0,1,0,0,0,0
1103,1297.5,0,0,0,0,0,0,0,0,0,1,1,0,0,0,0,0,1,0,0,0,0
1104,1095.5,0,0,0,0,0,0,0,0,0,1,1,0,0,0,0,0,1,0,0,0,0
1105,1111.0,1,0,1,0,1,1,0,0,0,1,1,0,0,0,0,0,1,0,0,0,0
1106,1369.0,0,0,1,0,0,0,0,0,0,1,1,0,0,0,0,0,1,0,0,0,0
1107,997.0,0,0,0,0,0,0,0,0,0,1,1,0,0,0,0,0,1,0,0,0,0
1108,1366.0,0,0,1,0,0,0,0,0,0,1,1,0,0,0,0,0,1,0,0,0,0
1109,1231.0,0,0,1,0,0,0,0,0,0,1,1,0,0,0,0,0,1,0,0,0,0
1110,1403.0,0,0,1,0,0,0,0,0,0,1,1,0,0,0,0,0,1,0,0,0,0
1111,1066.5,0,0,0,0,0,0,0,0,0,1,1,0,0,0,0,0,1,0,0,0,0
1112,997.0,0,1,1,0,0,0,0,0,0,1,1,0,0,0,0,0,1,0,0,0,0
1113,984.5,0,1,1,0,0,0,0,0,0,1,1,0,0,0,0,0,1,0,0,0,0
1114,562.0,0,0,0,0,0,0,0,0,0,0,1,0,0,0,0,0,1,0,0,0,0
1115,664.5,0,0,0,0,0,0,0,0,0,0,1,0,0,0,0,0,0,0,1,0,0
1116,1919.0,1,1,1,0,0,0,0,0,0,0,0,1,0,0,0,0,0,0,1,0,0
1117,1916.5,1,1,1,0,0,0,0,0,0,0,0,1,0,0,0,0,0,0,1,0,0
1118,1507.0,1,1,1,0,0,0,0,0,0,0,0,1,0,0,0,0,0,0,1,0,0
1119,1918.5,1,1,0,0,0,0,0,0,0,0,0,1,0,0,0,0,0,0,1,0,0
1120,1013.5,0,0,0,0,0,0,0,0,0,0,0,1,0,0,0,0,0,0,1,0,0
1121,2716.0,1,0,1,0,0,0,0,0,0,0,0,1,0,0,0,0,0,0,1,0,0
1122,956.5,0,0,0,0,0,0,0,0,0,0,0,1,0,0,0,0,0,0,1,0,0
1123,1757.5,1,1,0,0,0,0,0,0,0,0,0,1,0,0,0,0,0,0,1,0,0
1124,1646.5,1,1,0,0,0,0,0,0,0,0,0,1,0,0,0,0,0,0,1,0,0
1125,587.5,0,0,0,0,0,0,0,0,0,1,0,1,0,0,0,0,0,0,1,0,0
1126,1084.0,0,0,0,0,0,0,0,1,0,1,1,0,0,0,0,0,0,0,1,0,0
1127,1163.5,0,0,0,0,0,0,0,1,0,1,1,0,0,0,0,0,0,0,1,0,0
1128,594.5,0,0,0,0,0,0,0,1,0,0,1,0,0,0,0,0,0,0,1,0,0
1129,1085.5,0,0,0,0,0,0,0,1,0,0,1,0,0,0,0,0,0,0,1,0,0
1130,617.5,0,0,0,0,0,0,0,1,0,0,1,0,0,0,0,0,0,0,1,0,0
1131,616.0,0,0,0,0,0,0,0,1,0,0,1,0,0,0,0,0,0,0,1,0,0
1132,857.0,0,0,0,0,0,0,0,1,0,0,1,0,0,0,0,0,0,0,1,0,0
1133,1183.0,0,0,0,0,0,0,0,1,0,0,1,0,0,0,0,0,0,0,1,0,0
1134,1089.0,0,0,0,0,0,0,0,1,0,0,1,0,0,0,0,0,0,0,1,0,0
1135,701.5,0,0,0,0,0,0,0,0,0,0,1,0,0,0,0,0,0,0,1,0,0
1136,3146.0,0,0,0,0,0,0,0,0,0,0,1,0,0,0,0,0,0,0,1,0,0
1137,4182.5,0,0,0,0,0,0,0,0,0,0,1,0,0,0,0,0,0,0,1,0,0
1138,809.0,0,0,0,0,0,0,0,1,0,0,1,0,0,0,0,0,0,0,1,0,0
1139,608.0,0,0,0,0,0,0,0,1,0,0,1,0,0,0,0,0,0,0,1,0,0
1140,704.0,0,0,0,0,0,0,0,1,0,0,1,0,0,0,0,0,0,0,1,0,0
1141,724.0,0,0,0,0,0,0,0,1,0,0,1,0,0,0,0,0,0,0,1,0,0
1142,695.0,0,0,0,0,0,0,0,1,0,0,1,0,0,0,0,0,0,0,1,0,0
1143,692.5,0,0,0,0,0,0,0,0,0,1,0,1,0,0,0,0,0,0,1,0,0
1144,734.5,0,0,0,0,0,0,0,0,0,1,0,1,0,0,0,0,0,0,1,0,0
1145,700.0,1,0,0,0,1,1,1,0,1,1,0,1,0,0,0,0,0,0,1,0,0
1146,575.0,0,0,0,0,1,1,0,0,0,1,0,1,0,0,0,0,0,0,1,0,0
1147,589.0,0,0,0,0,1,1,1,0,1,1,0,1,0,0,0,0,0,0,1,0,0
1148,730.5,0,0,0,0,1,1,1,0,1,1,0,1,0,0,0,0,0,0,1,0,0
1149,995.5,0,0,0,0,0,0,1,1,0,1,0,1,0,0,0,0,0,0,1,0,0
1150,1179.5,1,0,0,0,1,1,1,1,0,1,0,1,0,0,0,0,0,0,1,0,0
1151,816.0,0,0,0,0,0,0,0,0,0,1,0,1,0,0,0,0,0,0,1,0,0
1152,879.5,0,0,0,0,1,1,0,1,0,1,0,1,0,0,0,0,0,0,1,0,0
1153,922.5,0,0,0,0,1,1,0,1,0,1,0,1,0,0,0,0,0,0,1,0,0
1154,1069.0,0,0,0,0,1,1,1,1,0,1,0,1,0,0,0,0,0,0,1,0,0
1155,845.0,0,0,0,0,0,0,1,1,0,1,0,1,0,0,0,0,0,0,1,0,0
1156,610.0,0,0,0,0,1,1,0,0,0,1,0,1,0,0,0,0,0,0,1,0,0
1157,625.0,0,0,0,0,1,1,0,0,0,1,0,1,0,0,0,0,0,0,1,0,0
1158,470.0,0,0,0,0,1,1,0,0,0,1,0,1,0,0,0,0,0,0,1,0,0
1159,522.5,0,1,0,0,0,0,0,0,0,1,0,1,0,0,0,0,0,0,1,0,0
1160,1237.5,1,1,0,0,0,0,0,0,0,0,0,1,0,0,0,0,0,0,1,0,0
1161,599.5,0,0,0,0,0,0,0,0,0,1,0,1,0,0,0,0,0,0,1,0,0
1162,795.0,0,0,1,0,0,0,0,0,0,1,0,1,0,0,0,0,0,0,1,0,0
1163,1923.5,1,1,0,0,0,0,0,0,0,0,0,1,0,0,0,0,0,0,1,0,0
1164,1857.0,1,1,0,0,0,0,0,0,0,0,0,1,0,0,0,0,0,0,1,0,0
1165,1266.5,1,1,0,0,0,0,0,0,0,0,0,1,0,0,0,0,0,0,1,0,0
1166,2241.5,1,1,0,0,0,0,0,0,0,0,0,1,0,0,0,0,0,0,1,0,0
1167,829.0,1,1,0,0,0,0,0,0,0,1,0,1,0,0,0,0,0,0,1,0,0
1168,790.5,1,1,0,0,0,0,0,0,0,1,0,1,0,0,0,0,0,0,1,0,0
1169,1314.5,1,1,0,0,0,0,0,0,0,0,0,1,0,0,0,0,0,0,1,0,0
1170,931.0,1,1,1,0,0,0,0,0,0,1,0,1,0,0,0,0,0,0,1,0,0
1171,877.0,1,1,1,0,0,0,0,0,1,1,0,1,0,0,0,0,0,0,1,0,0
1172,790.0,1,1,1,0,0,0,0,0,1,1,0,1,0,0,0,0,0,0,1,0,0
1173,529.0,1,1,0,0,0,0,0,0,0,1,0,1,0,0,0,0,0,0,1,0,0
1174,794.5,1,1,1,0,0,0,0,0,0,1,0,1,0,0,0,0,0,0,1,0,0
1175,878.0,1,1,1,0,0,0,0,0,0,1,0,1,0,0,0,0,0,0,1,0,0
1176,865.0,1,1,1,0,0,0,0,0,1,1,0,1,0,0,0,0,0,0,1,0,0
1177,736.0,1,1,1,0,0,0,0,0,1,1,0,1,0,0,0,0,0,0,1,0,0
1178,1615.5,1,1,0,0,0,0,0,0,0,1,0,1,0,0,0,0,0,0,1,0,0
1179,1122.5,1,1,1,0,0,0,0,0,1,1,0,1,0,0,0,0,0,0,1,0,0
1180,1134.0,1,1,0,0,0,0,0,0,0,1,0,1,0,0,0,0,0,0,1,0,0
1181,1715.5,1,1,0,0,0,0,0,0,0,1,0,1,0,0,0,0,0,0,1,0,0
1182,6251.0,1,1,0,0,0,0,0,0,0,0,0,1,0,0,0,0,0,0,1,0,0
1183,2241.5,1,1,0,0,0,0,0,0,0,0,0,1,0,0,0,0,0,0,1,0,0
1184,4453.0,1,1,0,0,0,0,0,0,0,0,0,1,0,0,0,0,0,0,1,0,0
1185,1711.0,1,1,1,0,0,0,0,0,0,1,0,1,0,0,0,0,0,0,1,0,0
1186,522.0,1,1,0,0,0,0,0,0,0,1,0,1,0,0,0,0,0,0,1,0,0
1187,1644.0,1,1,0,0,0,0,0,0,0,1,0,1,0,0,0,0,0,0,1,0,0
1188,409.5,1,0,1,0,1,1,0,0,0,1,0,1,0,0,0,0,0,0,1,0,0
1189,625.0,0,0,0,0,0,0,0,0,0,0,0,1,0,0,0,0,0,0,1,0,0
1190,1434.5,1,0,1,0,0,0,0,0,0,0,0,1,0,0,0,0,0,0,1,0,0
1191,4173.5,1,0,1,0,0,0,0,0,0,0,0,1,0,0,0,0,0,0,1,0,0
1192,3478.5,1,0,1,0,0,0,0,0,0,0,0,1,0,0,0,0,0,0,1,0,0
1193,397.0,1,0,1,0,0,0,0,0,0,0,0,1,0,0,0,0,0,0,1,0,0
1194,4068.5,1,0,0,0,0,0,0,0,0,0,0,1,0,0,0,0,0,0,1,0,0
1195,777.5,1,0,0,0,0,0,0,0,0,0,0,1,0,0,0,0,0,0,1,0,0
1196,2061.0,1,0,0,0,0,0,0,0,0,0,0,1,0,0,0,0,0,0,1,0,0
1197,2685.5,0,0,1,0,0,0,0,0,0,0,0,1,0,0,0,0,0,0,1,0,0
1198,3011.5,0,0,1,0,0,0,0,0,0,0,0,1,0,0,0,0,0,0,1,0,0
1199,3277.0,0,0,1,0,0,0,0,0,0,0,0,1,0,0,0,0,0,0,1,0,0
1200,3706.5,0,0,1,0,0,0,0,0,0,0,0,1,0,0,0,0,0,0,1,0,0
1201,4604.5,0,0,1,0,0,0,0,0,0,0,0,1,0,0,0,0,0,0,1,0,0
1202,5467.0,0,0,1,0,0,0,0,0,0,0,0,1,0,0,0,0,0,0,1,0,0
1203,1589.0,1,0,0,0,0,0,0,0,0,0,0,1,0,0,0,0,0,0,1,0,0
1204,2892.0,1,0,0,0,0,0,0,0,0,0,0,1,0,0,0,0,0,0,1,0,0
1205,5155.0,1,0,0,0,0,0,0,0,0,0,0,1,0,0,0,0,0,0,1,0,0
1206,4344.0,1,0,0,0,0,0,0,0,0,0,0,1,0,0,0,0,0,0,1,0,0
1207,1833.0,1,0,0,0,0,0,0,0,0,0,0,1,0,0,0,0,0,0,1,0,0
1208,2245.0,1,0,0,0,0,0,0,0,0,0,0,1,0,0,0,0,0,0,1,0,0
1209,1621.5,1,0,0,0,0,0,0,0,0,0,0,1,0,0,0,0,0,0,1,0,0
1210,914.0,1,1,0,0,0,0,0,0,0,0,0,1,0,0,0,0,0,0,1,0,0
1211,2920.0,1,0,0,0,0,0,0,0,0,0,0,1,0,0,0,0,0,0,1,0,0
1212,532.0,0,0,0,0,1,1,0,0,0,0,0,1,0,0,0,0,0,0,1,0,0
1213,586.0,0,0,0,0,1,1,0,0,0,0,0,1,0,0,0,0,0,0,1,0,0
1214,707.5,0,0,0,0,1,1,0,0,0,0,0,1,0,0,0,0,0,0,1,0,0
1215,818.0,0,0,0,0,1,1,0,0,0,0,0,1,0,0,0,0,0,0,1,0,0
1216,760.5,0,0,0,0,0,0,0,0,0,0,0,1,0,0,0,0,0,0,1,0,0
1217,702.0,0,0,0,0,1,1,0,0,0,0,0,1,0,0,0,0,0,0,1,0,0
1218,760.0,0,0,0,0,1,1,0,0,0,0,0,1,0,0,0,0,0,0,1,0,0
1219,760.5,0,0,0,0,1,1,0,0,0,0,0,1,0,0,0,0,0,0,1,0,0
1220,802.0,0,0,0,0,1,1,0,0,0,0,0,1,0,0,0,0,0,0,1,0,0
1221,866.0,0,0,0,0,1,1,0,0,0,0,0,1,0,0,0,0,0,0,1,0,0
1222,2151.0,1,0,1,0,0,0,0,0,0,0,0,1,0,0,0,0,0,0,1,0,0
1223,1954.5,1,0,1,0,0,0,0,0,0,0,0,1,0,0,0,0,0,0,1,0,0
1224,2254.0,1,0,1,0,0,0,0,0,0,0,0,1,0,0,0,0,0,0,1,0,0
1225,3071.0,1,0,1,0,0,0,0,0,0,0,0,1,0,0,0,0,0,0,1,0,0
1226,4628.5,1,0,1,0,0,0,0,0,0,0,0,1,0,0,0,0,0,0,1,0,0
1227,1123.0,1,0,0,0,0,0,0,0,0,0,0,1,0,0,0,0,0,0,1,0,0
1228,1006.5,0,0,0,0,1,1,0,0,0,0,0,1,0,0,0,0,0,0,1,0,0
1229,646.5,1,0,1,0,1,1,1,1,0,1,0,1,0,0,0,0,0,0,1,0,0
1230,810.0,1,0,1,0,1,1,1,1,0,1,0,1,0,0,0,0,0,0,1,0,0
1231,896.0,1,0,1,0,1,1,1,1,0,1,0,1,0,0,0,0,0,0,1,0,0
1232,856.5,0,0,0,0,0,0,0,0,0,0,0,1,0,0,0,0,0,0,1,0,0
1233,855.0,0,0,0,0,0,0,0,0,0,0,0,1,0,0,0,0,0,0,1,0,0
1234,861.0,0,0,0,0,0,0,0,0,0,0,0,1,0,0,0,0,0,0,1,0,0
1235,861.5,0,0,0,0,0,0,0,0,0,0,0,1,0,0,0,0,0,0,1,0,0
1236,855.0,0,0,0,0,0,0,0,0,0,0,0,1,0,0,0,0,0,0,1,0,0
1237,851.5,0,0,0,0,0,0,0,0,0,0,0,1,0,0,0,0,0,0,1,0,0
1238,1010.5,0,0,0,0,0,0,0,0,0,0,0,1,0,0,0,0,0,0,1,0,0
1239,851.5,0,0,0,0,0,0,0,0,0,0,0,1,0,0,0,0,0,0,1,0,0
1240,219.0,0,0,0,0,0,0,0,1,1,1,0,1,0,0,0,0,0,0,1,0,0
1241,1160.0,1,0,1,0,0,0,0,0,0,0,0,1,0,0,0,0,0,0,1,0,0
1242,1163.0,1,0,1,0,0,0,0,0,0,0,0,1,0,0,0,0,0,0,1,0,0
1243,1164.5,1,0,1,0,0,0,0,0,0,0,0,1,0,0,0,0,0,0,1,0,0
1244,814.5,0,0,0,0,0,0,0,0,0,0,0,1,0,0,0,0,0,0,1,0,0
1245,863.5,0,0,0,0,0,0,0,0,0,0,0,1,0,0,0,0,0,0,1,0,0
1246,604.5,0,0,0,0,0,0,0,0,0,0,0,1,0,0,0,0,0,0,1,0,0
1247,616.0,0,0,0,0,0,0,1,0,0,0,0,1,0,0,0,0,0,0,1,0,0
1248,610.0,0,0,0,0,0,0,0,0,0,0,0,1,0,0,0,0,0,0,1,0,0
1249,625.0,0,0,0,0,0,0,0,0,0,0,0,1,0,0,0,0,0,0,1,0,0
1250,508.5,0,0,0,0,0,0,0,0,0,0,0,1,0,0,0,0,0,0,1,0,0
1251,608.5,0,0,0,0,1,1,0,0,0,0,0,1,0,0,0,0,0,0,1,0,0
1252,698.0,0,0,0,0,1,1,0,0,0,0,0,1,0,0,0,0,0,0,1,0,0
1253,699.5,0,0,0,0,1,1,0,0,0,0,0,1,0,0,0,0,0,0,1,0,0
1254,692.5,1,0,0,0,0,0,0,0,0,0,0,1,0,0,0,0,0,0,1,0,0
1255,611.5,0,0,0,0,0,0,0,0,0,0,0,1,0,0,0,0,0,0,1,0,0
1256,605.5,0,0,0,0,0,0,0,0,0,0,0,1,0,0,0,0,0,0,1,0,0
1257,691.5,0,0,0,0,0,0,0,0,0,0,0,1,0,0,0,0,0,0,1,0,0
1258,1162.5,1,1,1,0,0,0,0,0,0,0,1,0,0,0,0,0,0,0,1,0,0
1259,1554.0,1,1,1,0,0,0,0,0,0,0,1,0,0,0,0,0,0,0,1,0,0
1260,3407.0,1,1,1,0,0,0,0,0,0,0,1,0,0,0,0,0,0,0,1,0,0
1261,4317.0,1,1,1,0,0,0,0,0,0,0,1,0,0,0,0,0,0,0,1,0,0
1262,867.0,0,0,0,0,0,0,0,0,0,1,1,0,0,0,0,0,0,0,1,0,0
1263,2637.0,1,1,1,0,0,0,0,0,0,0,1,0,0,0,0,0,0,0,1,0,0
1264,1267.0,0,0,0,0,0,0,0,0,0,0,1,0,0,0,0,0,0,0,1,0,0
1265,2147.0,1,1,1,0,0,0,0,0,0,0,1,0,0,0,0,0,0,0,1,0,0
1266,1342.5,1,1,1,0,0,0,0,0,0,0,1,0,0,0,0,0,0,0,1,0,0
1267,939.5,1,1,1,0,0,0,0,0,0,0,1,0,0,0,0,0,0,0,1,0,0
1268,823.5,1,1,1,0,0,0,0,0,0,0,1,0,0,0,0,0,0,0,1,0,0
1269,820.0,0,0,0,0,0,0,0,0,0,0,1,0,0,0,0,0,0,0,1,0,0
1270,615.0,0,0,0,0,0,0,0,0,0,0,1,0,0,0,0,0,0,0,1,0,0
1271,1352.5,1,0,0,0,0,0,0,0,0,0,1,0,0,0,0,0,0,0,1,0,0
1272,1348.0,1,0,0,0,0,0,0,0,0,0,1,0,0,0,0,0,0,0,1,0,0
1273,1453.5,1,0,0,0,0,0,0,0,0,0,1,0,0,0,0,0,0,0,1,0,0
1274,738.0,0,0,0,1,0,0,0,1,0,1,1,0,0,0,0,0,0,0,1,0,0
1275,794.5,0,0,1,1,1,1,0,0,0,1,1,0,0,0,0,0,0,0,1,0,0
1276,802.5,0,0,0,0,0,0,0,0,0,0,1,0,0,0,0,0,0,0,1,0,0
1277,816.5,0,0,0,0,0,0,0,0,0,0,1,0,0,0,0,0,0,0,1,0,0
1278,913.5,0,0,1,0,0,0,0,0,0,0,1,0,0,0,0,0,0,0,1,0,0
1279,1013.0,0,0,0,1,0,0,0,1,0,0,1,0,0,0,0,0,0,0,1,0,0
1280,1095.0,0,0,0,0,0,0,0,0,0,0,1,0,0,0,0,0,0,0,1,0,0
1281,791.0,0,0,0,0,0,0,0,0,0,1,1,0,0,0,0,0,0,0,1,0,0
1282,879.5,0,0,0,0,0,0,0,0,0,1,1,0,0,0,0,0,0,0,1,0,0
1283,854.0,0,0,0,0,0,0,0,0,0,1,1,0,0,0,0,0,0,0,1,0,0
1284,855.5,0,0,0,0,0,0,0,0,0,1,1,0,0,0,0,0,0,0,1,0,0
1285,996.0,0,0,0,0,0,0,0,0,1,1,1,0,0,0,0,0,0,0,1,0,0
1286,649.0,0,0,0,0,0,0,0,0,1,1,1,0,0,0,0,0,0,0,1,0,0
1287,1051.0,0,0,0,0,0,0,0,0,0,1,1,0,0,0,0,0,0,0,1,0,0
1288,1070.0,0,0,0,0,0,0,0,0,0,1,1,0,0,0,0,0,0,0,1,0,0
1289,1628.0,0,0,0,0,0,0,0,0,0,1,0,1,0,0,0,0,0,0,1,0,0
1290,1438.0,0,0,0,0,0,0,0,0,0,1,0,1,0,0,0,0,0,0,1,0,0
1291,529.0,0,0,0,0,0,0,0,0,0,0,1,0,0,0,0,0,0,0,1,0,0
1292,570.0,0,0,0,0,0,0,0,0,0,0,1,0,0,0,0,0,0,0,1,0,0
1293,564.0,0,0,0,0,0,0,0,0,0,0,1,0,0,0,0,0,0,0,1,0,0
1294,527.5,0,0,0,0,0,0,0,0,0,0,1,0,0,0,0,0,0,0,1,0,0
1295,531.5,0,0,0,0,0,0,0,0,0,0,1,0,0,0,0,0,0,0,1,0,0
1296,1478.0,0,0,0,0,0,0,0,0,0,1,1,0,0,0,0,0,0,0,1,0,0
1297,1458.0,0,0,0,0,0,0,0,0,0,1,1,0,0,0,0,0,0,0,1,0,0
1298,1378.0,0,0,0,0,0,0,0,0,0,1,1,0,0,0,0,0,0,0,1,0,0
1299,1058.0,0,0,0,0,0,0,0,0,0,1,1,0,0,0,0,0,0,0,1,0,0
1300,415.5,0,0,0,0,0,0,0,0,0,0,1,0,0,0,0,0,0,0,1,0,0
1301,413.5,0,0,0,0,0,0,0,0,0,0,1,0,0,0,0,0,0,0,1,0,0
1302,1738.0,0,0,0,0,0,0,0,0,0,1,1,0,0,0,0,0,0,0,1,0,0
1303,1678.0,0,0,0,0,0,0,0,0,0,1,1,0,0,0,0,0,0,0,1,0,0
1304,1608.0,0,0,0,0,0,0,0,0,0,1,1,0,0,0,0,0,0,0,1,0,0
1305,216.0,0,0,0,0,0,0,0,0,0,0,1,0,0,0,0,0,0,0,1,0,0
1306,729.5,0,0,0,0,0,0,0,0,0,0,1,0,0,0,0,0,0,0,1,0,0
1307,785.5,0,0,0,0,0,0,0,0,0,0,1,0,0,0,0,0,0,0,1,0,0
1308,1253.0,0,0,0,0,0,0,0,0,0,1,1,0,0,0,0,0,0,0,1,0,0
1309,485.5,0,0,0,0,0,0,0,0,0,0,1,0,0,0,0,0,0,0,1,0,0
1310,759.0,0,0,0,0,0,0,0,0,0,0,1,0,0,0,0,0,0,0,1,0,0
1311,663.0,1,0,1,0,0,0,0,0,0,1,0,1,0,0,0,0,0,0,1,0,0
1312,869.5,0,0,0,0,0,0,0,0,0,0,1,0,0,0,0,0,0,0,1,0,0
1313,1101.5,0,0,0,0,0,0,0,0,0,0,1,0,0,0,0,0,0,0,1,0,0
1314,869.5,1,0,0,0,0,0,0,0,0,0,1,0,0,0,0,0,0,0,1,0,0
1315,506.5,0,0,1,0,0,0,0,0,0,0,1,0,0,0,0,0,0,0,1,0,0
1316,1049.0,1,1,0,0,0,0,0,0,0,0,1,0,0,0,0,0,0,0,1,0,0
1317,996.5,0,0,0,0,0,0,0,1,0,0,0,1,0,0,0,0,0,0,1,0,0
1318,1432.0,0,0,0,0,0,0,0,0,0,1,0,1,0,0,0,0,0,0,1,0,0
1319,907.0,0,0,0,0,0,0,0,1,0,1,1,0,0,0,0,0,0,0,1,0,0
1320,1134.0,0,0,0,0,0,0,0,1,0,1,1,0,0,0,0,0,0,0,1,0,0
1321,1051.0,0,0,0,0,0,0,0,1,1,0,1,0,0,0,0,0,0,0,1,0,0
1322,1131.5,0,0,0,0,0,0,0,1,1,0,1,0,0,0,0,0,0,0,1,0,0
1323,845.5,0,0,0,0,0,0,0,1,1,0,1,0,0,0,0,0,0,0,1,0,0
1324,1320.5,0,0,0,0,0,0,0,0,0,0,0,1,0,0,0,0,0,0,1,0,0
1325,490.0,0,0,0,0,0,0,0,0,0,0,0,1,0,0,0,0,0,0,1,0,0
1326,219.5,0,0,0,0,0,0,0,0,0,0,0,1,0,0,0,0,0,0,1,0,0
1327,817.5,0,0,1,1,0,0,0,1,0,0,0,1,0,0,0,0,0,0,1,0,0
1328,633.0,0,0,0,0,0,0,0,0,0,0,1,0,0,0,0,0,0,0,1,0,0
1329,1368.0,0,0,0,0,0,0,0,0,0,1,1,0,0,0,0,0,0,0,1,0,0
1330,1473.0,0,0,0,0,0,0,0,0,0,1,1,0,0,0,0,0,0,0,1,0,0
1331,437.5,0,0,0,0,0,0,0,0,0,0,1,0,0,0,0,0,0,0,1,0,0
1332,594.0,0,0,0,0,0,0,0,0,0,0,1,0,0,0,0,0,0,0,1,0,0
1333,634.5,0,0,1,0,1,0,0,0,0,1,0,1,0,0,0,0,0,0,1,0,0
1334,818.0,0,0,0,0,1,1,0,0,0,0,0,1,0,0,0,0,0,0,1,0,0
1335,858.5,0,0,0,0,1,1,0,0,0,0,0,1,0,0,0,0,0,0,1,0,0
1336,863.5,0,0,0,0,1,1,0,0,0,0,0,1,0,0,0,0,0,0,1,0,0
1337,1580.5,1,0,0,0,0,0,0,0,0,0,0,1,0,0,0,0,0,0,1,0,0
1338,2019.5,1,0,0,0,0,0,0,0,0,0,0,1,0,0,0,0,0,0,1,0,0
1339,3727.5,1,0,0,0,0,0,0,0,0,0,0,1,0,0,0,0,0,0,1,0,0
1340,1101.5,1,0,0,0,0,0,0,0,0,0,0,1,0,0,0,0,0,0,1,0,0
1341,2389.0,1,0,0,0,0,0,0,0,0,0,0,1,0,0,0,0,0,0,1,0,0
1342,1178.0,1,0,1,0,0,0,0,0,0,0,0,1,0,0,0,0,0,0,1,0,0
1343,1318.0,1,0,1,0,0,0,0,0,0,0,0,1,0,0,0,0,0,0,1,0,0
1344,950.5,1,0,1,0,0,0,0,0,0,0,0,1,0,0,0,0,0,0,1,0,0
1345,3481.5,1,0,1,0,0,0,0,0,0,0,0,1,0,0,0,0,0,0,1,0,0
1346,1570.5,1,0,1,0,0,0,0,0,0,0,0,1,0,0,0,0,0,0,1,0,0
1347,2875.5,1,0,1,0,0,0,0,0,0,0,0,1,0,0,0,0,0,0,1,0,0
1348,1082.0,1,0,1,0,0,0,0,0,0,0,0,1,0,0,0,0,0,0,1,0,0
1349,3020.5,1,0,1,0,0,0,0,0,0,0,0,1,0,0,0,0,0,0,1,0,0
1350,1631.0,1,0,1,0,0,0,0,0,0,0,0,1,0,0,0,0,0,0,1,0,0
1351,1356.5,1,0,0,0,0,0,0,0,0,0,0,1,0,0,0,0,0,0,1,0,0
1352,617.0,0,0,0,0,0,0,0,0,0,0,0,1,0,0,0,0,0,0,1,0,0
1353,2251.0,1,0,0,0,0,0,0,0,0,0,0,1,0,0,0,0,0,0,1,0,0
1354,1084.5,1,0,1,0,0,0,0,0,0,0,0,1,0,0,0,0,0,0,1,0,0
1355,1008.5,1,0,0,0,0,0,0,0,0,0,0,1,0,0,0,0,0,0,1,0,0
1356,996.5,1,0,0,0,0,0,0,0,0,0,0,1,0,0,0,0,0,0,1,0,0
1357,1069.0,1,0,0,0,0,0,0,0,0,0,0,1,0,0,0,0,0,0,1,0,0
1358,1013.5,1,0,0,0,0,0,0,0,0,0,0,1,0,0,0,0,0,0,1,0,0
1359,2803.0,1,0,0,0,0,0,0,0,0,0,0,1,0,0,0,0,0,0,1,0,0
1360,2341.0,1,0,0,0,0,0,0,0,0,0,0,1,0,0,0,0,0,0,1,0,0
1361,1409.0,1,0,0,0,0,0,0,0,0,0,0,1,0,0,0,0,0,0,1,0,0
1362,2554.5,1,0,0,0,0,0,0,0,0,0,0,1,0,0,0,0,0,0,1,0,0
1363,2628.5,1,0,0,0,0,0,0,0,0,0,0,1,0,0,0,0,0,0,1,0,0
1364,3169.5,1,0,0,0,0,0,0,0,0,0,0,1,0,0,0,0,0,0,1,0,0
1365,2538.0,1,0,0,0,0,0,0,0,0,0,0,1,0,0,0,0,0,0,1,0,0
1366,2554.0,1,0,0,0,0,0,0,0,0,0,0,1,0,0,0,0,0,0,1,0,0
1367,1123.0,1,0,0,0,0,0,0,0,0,0,0,1,0,0,0,0,0,0,1,0,0
1368,1618.0,1,0,0,0,0,0,0,0,0,0,0,1,0,0,0,0,0,0,1,0,0
1369,2244.5,1,0,1,0,0,0,0,0,0,0,0,1,0,0,0,0,0,0,1,0,0
1370,2927.0,1,0,1,0,0,0,0,0,0,0,0,1,0,0,0,0,0,0,1,0,0
1371,2591.0,1,0,1,0,0,0,0,0,0,0,0,1,0,0,0,0,0,0,1,0,0
1372,3010.0,1,0,1,0,0,0,0,0,0,0,0,1,0,0,0,0,0,0,1,0,0
1373,2527.5,1,0,1,0,0,0,0,0,0,0,0,1,0,0,0,0,0,0,1,0,0
1374,1271.5,1,0,1,0,0,0,0,0,0,0,0,1,0,0,0,0,0,0,1,0,0
1375,2584.5,1,0,1,0,0,0,0,0,0,0,0,1,0,0,0,0,0,0,1,0,0
1376,2836.0,1,0,1,0,0,0,0,0,0,0,0,1,0,0,0,0,0,0,1,0,0
1377,1159.5,1,0,1,0,0,0,0,0,0,0,0,1,0,0,0,0,0,0,1,0,0
1378,1619.0,1,0,1,0,0,0,0,0,0,0,0,1,0,0,0,0,0,0,1,0,0
1379,1089.0,1,0,1,0,0,0,0,0,0,0,0,1,0,0,0,0,0,0,1,0,0
1380,1120.0,1,0,1,0,0,0,0,0,0,0,0,1,0,0,0,0,0,0,1,0,0
1381,1123.0,1,0,1,0,0,0,0,0,0,0,0,1,0,0,0,0,0,0,1,0,0
1382,1122.0,1,0,1,0,0,0,0,0,0,0,0,1,0,0,0,0,0,0,1,0,0
1383,1820.0,1,0,1,0,0,0,0,0,0,0,0,1,0,0,0,0,0,0,1,0,0
1384,1009.0,1,0,1,0,0,0,0,0,0,0,0,1,0,0,0,0,0,0,1,0,0
1385,2412.5,1,1,0,0,0,0,0,0,0,0,0,1,0,0,0,0,0,0,1,0,0
1386,2593.5,1,0,0,0,0,0,0,0,0,0,0,1,0,0,0,0,0,0,1,0,0
1387,1241.0,1,0,0,0,0,0,0,0,0,0,0,1,0,0,0,0,0,0,1,0,0
1388,1456.0,1,0,0,0,0,0,0,0,0,0,0,1,0,0,0,0,0,0,1,0,0
1389,1080.0,1,0,0,0,0,0,0,0,0,0,0,1,0,0,0,0,0,0,1,0,0
1390,1167.5,1,0,0,0,0,0,0,0,0,0,0,1,0,0,0,0,0,0,1,0,0
1391,1084.5,1,0,0,0,0,0,0,0,0,0,0,1,0,0,0,0,0,0,1,0,0
1392,2788.5,1,0,0,0,0,0,0,0,0,0,0,1,0,0,0,0,0,0,1,0,0
1393,2160.0,1,0,0,0,0,0,0,0,0,0,0,1,0,0,0,0,0,0,1,0,0
1394,3015.0,1,0,0,0,0,0,0,0,0,0,0,1,0,0,0,0,0,0,1,0,0
1395,2191.5,1,0,0,0,0,0,0,0,0,0,0,1,0,0,0,0,0,0,1,0,0
1396,1161.5,1,0,0,0,0,0,0,0,0,0,0,1,0,0,0,0,0,0,1,0,0
1397,1157.5,1,0,1,0,0,0,0,0,0,0,0,1,0,0,0,0,0,0,1,0,0
1398,728.5,0,0,0,0,0,0,0,0,0,0,0,1,0,0,0,0,0,0,1,0,0
1399,991.0,1,0,1,0,0,0,0,0,0,0,0,1,0,0,0,0,0,0,1,0,0
1400,879.5,1,0,1,0,0,0,0,0,0,0,0,1,0,0,0,0,0,0,1,0,0
1401,994.0,1,0,1,0,0,0,0,0,0,0,0,1,0,0,0,0,0,0,1,0,0
1402,1913.0,1,0,0,0,0,0,0,0,0,0,0,1,0,0,0,0,0,0,1,0,0
1403,2031.0,1,0,0,0,0,0,0,0,0,0,0,1,0,0,0,0,0,0,1,0,0
1404,2148.5,1,0,0,0,0,0,0,0,0,0,0,1,0,0,0,0,0,0,1,0,0
1405,2543.5,1,0,0,0,0,0,0,0,0,0,0,1,0,0,0,0,0,0,1,0,0
1406,2632.0,1,0,0,0,0,0,0,0,0,0,0,1,0,0,0,0,0,0,1,0,0
1407,2805.5,1,0,0,0,0,0,0,0,0,0,0,1,0,0,0,0,0,0,1,0,0
1408,3102.5,1,0,0,0,0,0,0,0,0,0,0,1,0,0,0,0,0,0,1,0,0
1409,2243.0,1,0,0,0,0,0,0,0,0,0,0,1,0,0,0,0,0,0,1,0,0
1410,3054.0,1,0,0,0,0,0,0,0,0,0,0,1,0,0,0,0,0,0,1,0,0
1411,2627.5,1,0,0,0,0,0,0,0,0,0,0,1,0,0,0,0,0,0,1,0,0
1412,2691.5,1,0,0,0,0,0,0,0,0,0,0,1,0,0,0,0,0,0,1,0,0
1413,3169.5,1,0,0,0,0,0,0,0,0,0,0,1,0,0,0,0,0,0,1,0,0
1414,2153.0,1,0,0,0,0,0,0,0,0,0,0,1,0,0,0,0,0,0,1,0,0
1415,3160.0,1,0,0,0,0,0,0,0,0,0,0,1,0,0,0,0,0,0,1,0,0
1416,1917.0,1,0,0,0,0,0,0,0,0,0,0,1,0,0,0,0,0,0,1,0,0
1417,3276.0,1,0,0,0,0,0,0,0,0,0,0,1,0,0,0,0,0,0,1,0,0
1418,2959.5,1,0,0,0,0,0,0,0,0,0,0,1,0,0,0,0,0,0,1,0,0
1419,2006.0,1,0,0,0,0,0,0,0,0,0,0,1,0,0,0,0,0,0,1,0,0
1420,1976.5,1,0,0,0,0,0,0,0,0,0,0,1,0,0,0,0,0,0,1,0,0
1421,2523.5,1,0,0,0,0,0,0,0,0,0,0,1,0,0,0,0,0,0,1,0,0
1422,2518.0,1,0,0,0,0,0,0,0,0,0,0,1,0,0,0,0,0,0,1,0,0
1423,2542.0,1,0,0,0,0,0,0,0,0,0,0,1,0,0,0,0,0,0,1,0,0
1424,2522.0,1,0,0,0,0,0,0,0,0,0,0,1,0,0,0,0,0,0,1,0,0
1425,2019.0,1,0,0,0,0,0,0,0,0,0,0,1,0,0,0,0,0,0,1,0,0
1426,1830.5,1,0,0,0,0,0,0,0,0,0,0,1,0,0,0,0,0,0,1,0,0
1427,1912.5,1,0,0,0,0,0,0,0,0,0,0,1,0,0,0,0,0,0,1,0,0
1428,2277.0,1,0,0,0,0,0,0,0,0,0,0,1,0,0,0,0,0,0,1,0,0
1429,1174.5,1,0,0,0,0,0,0,0,0,0,0,1,0,0,0,0,0,0,1,0,0
1430,2521.0,1,0,0,0,0,0,0,0,0,0,0,1,0,0,0,0,0,0,1,0,0
1431,1006.5,1,0,0,0,0,0,0,0,0,0,0,1,0,0,0,0,0,0,1,0,0
1432,1081.5,1,0,0,0,0,0,0,0,0,0,0,1,0,0,0,0,0,0,1,0,0
1433,1085.5,1,0,0,0,0,0,0,0,0,0,0,1,0,0,0,0,0,0,1,0,0
1434,1120.0,1,0,0,0,0,0,0,0,0,0,0,1,0,0,0,0,0,0,1,0,0
1435,1119.5,1,0,0,0,0,0,0,0,0,0,0,1,0,0,0,0,0,0,1,0,0
1436,1122.0,1,0,0,0,0,0,0,0,0,0,0,1,0,0,0,0,0,0,1,0,0
1437,1161.5,1,0,0,0,0,0,0,0,0,0,0,1,0,0,0,0,0,0,1,0,0
1438,1121.0,1,0,0,0,0,0,0,0,0,0,0,1,0,0,0,0,0,0,1,0,0
1439,2168.5,1,0,0,0,0,0,0,0,0,0,0,1,0,0,0,0,0,0,1,0,0
1440,1168.5,1,0,0,0,0,0,0,0,0,0,0,1,0,0,0,0,0,0,1,0,0
1441,1243.0,1,0,0,0,0,0,0,0,0,0,0,1,0,0,0,0,0,0,1,0,0
1442,886.0,1,0,0,0,0,0,0,0,0,0,0,1,0,0,0,0,0,0,1,0,0
1443,1164.5,1,0,0,0,0,0,0,0,0,0,0,1,0,0,0,0,0,0,1,0,0
1444,1123.0,1,0,0,0,0,0,0,0,0,0,0,1,0,0,0,0,0,0,1,0,0
1445,2283.5,1,0,0,0,0,0,0,0,0,0,0,1,0,0,0,0,0,0,1,0,0
1446,1504.5,1,0,0,0,0,0,0,0,0,0,0,1,0,0,0,0,0,0,1,0,0
1447,1836.0,1,0,0,0,0,0,0,0,0,0,0,1,0,0,0,0,0,0,1,0,0
1448,3835.5,1,0,0,0,0,0,0,0,0,0,0,1,0,0,0,0,0,0,1,0,0
1449,1167.5,1,0,0,0,0,0,0,0,0,0,0,1,0,0,0,0,0,0,1,0,0
1450,1163.0,1,0,0,0,0,0,0,0,0,0,0,1,0,0,0,0,0,0,1,0,0
1451,1010.0,1,0,0,0,0,0,0,0,0,0,0,1,0,0,0,0,0,0,1,0,0
1452,1120.0,1,0,0,0,0,0,0,0,0,0,0,1,0,0,0,0,0,0,1,0,0
1453,1246.0,1,0,0,0,0,0,0,0,0,0,0,1,0,0,0,0,0,0,1,0,0
1454,1359.5,1,0,0,0,0,0,0,0,0,0,0,1,0,0,0,0,0,0,1,0,0
1455,1083.5,1,0,0,0,0,0,0,0,0,0,0,1,0,0,0,0,0,0,1,0,0
1456,1615.5,1,0,0,0,0,0,0,0,0,0,0,1,0,0,0,0,0,0,1,0,0
1457,988.5,1,0,0,0,0,0,0,0,0,0,0,1,0,0,0,0,0,0,1,0,0
1458,1225.0,1,0,0,0,0,0,0,0,0,0,0,1,0,0,0,0,0,0,1,0,0
1459,1548.0,1,0,0,0,0,0,0,0,0,0,0,1,0,0,0,0,0,0,1,0,0
1460,1189.0,1,0,0,0,0,0,0,0,0,0,0,1,0,0,0,0,0,0,1,0,0
1461,819.0,1,0,0,0,0,0,0,0,0,0,0,1,0,0,0,0,0,0,1,0,0
1462,1189.0,1,0,0,0,0,0,0,0,0,0,0,1,0,0,0,0,0,0,1,0,0
1463,1015.5,1,0,0,0,0,0,0,0,0,0,0,1,0,0,0,0,0,0,1,0,0
1464,1088.5,1,0,0,0,0,0,0,0,0,0,0,1,0,0,0,0,0,0,1,0,0
1465,1085.5,1,0,0,0,0,0,0,0,0,0,0,1,0,0,0,0,0,0,1,0,0
1466,990.5,1,0,0,0,0,0,0,0,0,0,0,1,0,0,0,0,0,0,1,0,0
1467,1817.5,1,0,0,0,0,0,0,0,0,0,0,1,0,0,0,0,0,0,1,0,0
1468,1013.0,1,0,0,0,0,0,0,0,0,0,0,1,0,0,0,0,0,0,1,0,0
1469,1120.0,1,0,0,0,0,0,0,0,0,0,0,1,0,0,0,0,0,0,1,0,0
1470,1118.0,1,0,0,0,0,0,0,0,0,0,0,1,0,0,0,0,0,0,1,0,0
1471,1565.0,1,0,0,0,0,0,0,0,0,0,0,1,0,0,0,0,0,0,1,0,0
1472,1119.5,1,0,0,0,0,0,0,0,0,0,0,1,0,0,0,0,0,0,1,0,0
1473,730.0,0,0,0,0,0,0,0,0,0,0,0,1,0,0,0,0,0,0,1,0,0
1474,2516.5,1,0,0,0,0,0,0,0,0,0,0,1,0,0,0,0,0,0,1,0,0
1475,2607.5,1,0,0,0,0,0,0,0,0,0,0,1,0,0,0,0,0,0,1,0,0
1476,2150.0,1,0,0,0,0,0,0,0,0,0,0,1,0,0,0,0,0,0,1,0,0
1477,2215.5,1,0,0,0,0,0,0,0,0,0,0,1,0,0,0,0,0,0,1,0,0
1478,1471.5,1,0,1,0,0,0,0,0,0,0,0,1,0,0,0,0,0,0,1,0,0
1479,1756.5,1,1,0,0,0,0,0,0,0,0,0,1,0,0,0,0,0,0,1,0,0
1480,911.5,1,0,1,0,0,0,0,0,0,0,0,1,0,0,0,0,0,0,1,0,0
1481,2340.0,0,0,0,0,0,0,0,0,0,0,0,1,0,0,0,0,0,0,1,0,0
1482,1716.5,1,0,0,0,0,0,0,0,0,0,0,1,0,0,0,0,0,0,1,0,0
1483,1769.0,1,0,1,0,0,0,0,0,0,0,0,1,0,0,0,0,0,0,1,0,0
1484,1163.0,1,0,1,0,0,0,0,0,0,0,0,1,0,0,0,0,0,0,1,0,0
1485,1238.0,1,0,1,0,0,0,0,0,0,0,0,1,0,0,0,0,0,0,1,0,0
1486,1436.5,1,0,1,0,0,0,0,0,0,0,0,1,0,0,0,0,0,0,1,0,0
1487,1180.5,1,0,1,0,0,0,0,0,0,0,0,1,0,0,0,0,0,0,1,0,0
1488,1182.0,1,0,1,0,0,0,0,0,0,0,0,1,0,0,0,0,0,0,1,0,0
1489,1607.0,1,0,0,0,0,0,0,0,0,0,0,1,0,0,0,0,0,0,1,0,0
1490,1173.0,1,1,0,0,0,0,0,0,0,0,0,1,0,0,0,0,0,0,1,0,0
1491,816.5,0,0,0,0,1,1,0,0,0,0,0,1,0,0,0,0,0,0,1,0,0
1492,837.0,0,0,0,0,1,1,0,0,0,0,0,1,0,0,0,0,0,0,1,0,0
1493,856.5,0,0,0,0,1,1,0,0,0,0,0,1,0,0,0,0,0,0,1,0,0
1494,856.5,0,0,0,0,1,1,0,0,0,0,0,1,0,0,0,0,0,0,1,0,0
1495,863.5,0,0,0,0,1,1,0,0,0,0,0,1,0,0,0,0,0,0,1,0,0
1496,1872.5,1,0,0,0,0,0,0,0,0,0,0,1,0,0,0,0,0,0,1,0,0
1497,1170.0,1,0,0,0,0,0,0,0,0,0,0,1,0,0,0,0,0,0,1,0,0
1498,2053.0,1,0,1,0,0,0,0,0,0,0,0,1,0,0,0,0,0,0,1,0,0
1499,1120.5,1,0,1,0,0,0,0,0,0,0,0,1,0,0,0,0,0,0,1,0,0
1500,1645.5,1,0,1,0,0,0,0,0,0,0,0,1,0,0,0,0,0,0,1,0,0
1501,1947.0,1,0,1,0,0,0,0,0,0,0,0,1,0,0,0,0,0,0,1,0,0
1502,1118.0,1,0,1,0,0,0,0,0,0,0,0,1,0,0,0,0,0,0,1,0,0
1503,2530.5,1,0,1,0,0,0,0,0,0,0,0,1,0,0,0,0,0,0,1,0,0
1504,1506.5,1,0,1,0,0,0,0,0,0,0,0,1,0,0,0,0,0,0,1,0,0
1505,1082.0,1,0,1,0,0,0,0,0,0,0,0,1,0,0,0,0,0,0,1,0,0
1506,1248.0,1,0,1,0,0,0,0,0,0,0,0,1,0,0,0,0,0,0,1,0,0
1507,1591.0,0,0,0,0,0,0,0,0,0,0,0,1,0,0,0,0,0,0,1,0,0
1508,1788.0,0,0,0,0,0,0,0,0,0,0,0,1,0,0,0,0,0,0,1,0,0
1509,3001.0,0,0,0,0,0,0,0,0,0,0,0,1,0,0,0,0,0,0,1,0,0
1510,5613.5,0,0,0,0,0,0,0,0,0,0,0,1,0,0,0,0,0,0,1,0,0
1511,5690.5,0,0,0,0,0,0,0,0,0,0,0,1,0,0,0,0,0,0,1,0,0
1512,656.0,1,0,0,0,0,0,0,0,0,0,0,1,0,0,0,0,0,0,1,0,0
1513,1079.5,1,0,1,0,0,0,0,0,0,0,0,1,0,0,0,0,0,0,1,0,0
1514,1090.5,1,0,1,0,0,0,0,0,0,0,0,1,0,0,0,0,0,0,1,0,0
1515,528.5,0,0,0,0,1,1,0,0,0,0,0,1,0,0,0,0,0,0,1,0,0
1516,217.0,0,0,0,0,1,1,0,0,0,0,0,1,0,0,0,0,0,0,1,0,0
1517,591.5,0,0,0,0,1,1,0,0,0,0,0,1,0,0,0,0,0,0,1,0,0
1518,214.5,0,0,0,0,1,1,0,0,0,0,0,1,0,0,0,0,0,0,1,0,0
1519,1230.5,1,0,1,0,0,0,0,0,0,0,0,1,0,0,0,0,0,0,1,0,0
1520,1233.5,1,0,1,0,0,0,0,0,0,0,0,1,0,0,0,0,0,0,1,0,0
1521,718.5,0,0,0,0,0,0,0,0,0,0,0,1,0,0,0,0,0,0,1,0,0
1522,1229.0,1,0,0,0,0,0,0,0,0,0,0,1,0,0,0,0,0,0,1,0,0
1523,1243.5,1,0,0,0,0,0,0,0,0,0,0,1,0,0,0,0,0,0,1,0,0
1524,1330.0,1,0,0,0,0,0,0,0,0,0,0,1,0,0,0,0,0,0,1,0,0
1525,1413.0,1,0,0,0,0,0,0,0,0,0,0,1,0,0,0,0,0,0,1,0,0
1526,1490.0,1,0,0,0,0,0,0,0,0,0,0,1,0,0,0,0,0,0,1,0,0
1527,1490.5,1,0,0,0,0,0,0,0,0,0,0,1,0,0,0,0,0,0,1,0,0
1528,1504.5,1,0,0,0,0,0,0,0,0,0,0,1,0,0,0,0,0,0,1,0,0
1529,1559.5,1,0,0,0,0,0,0,0,0,0,0,1,0,0,0,0,0,0,1,0,0
1530,1646.0,1,0,0,0,0,0,0,0,0,0,0,1,0,0,0,0,0,0,1,0,0
1531,1657.0,1,0,0,0,0,0,0,0,0,0,0,1,0,0,0,0,0,0,1,0,0
1532,1666.5,1,0,0,0,0,0,0,0,0,0,0,1,0,0,0,0,0,0,1,0,0
1533,1792.5,1,0,0,0,0,0,0,0,0,0,0,1,0,0,0,0,0,0,1,0,0
1534,2526.5,1,0,0,0,0,0,0,0,0,0,0,1,0,0,0,0,0,0,1,0,0
1535,2585.0,1,0,0,0,0,0,0,0,0,0,0,1,0,0,0,0,0,0,1,0,0
1536,1457.0,1,0,0,0,0,0,0,0,0,0,0,1,0,0,0,0,0,0,1,0,0
1537,1457.0,1,0,0,0,0,0,0,0,0,0,0,1,0,0,0,0,0,0,1,0,0
1538,1695.5,1,0,0,0,0,0,0,0,0,0,0,1,0,0,0,0,0,0,1,0,0
1539,1668.5,1,0,0,0,0,0,0,0,0,0,0,1,0,0,0,0,0,0,1,0,0
1540,6148.0,1,0,0,0,0,0,0,0,0,0,0,1,0,0,0,0,0,0,1,0,0
1541,1359.0,1,0,0,0,0,0,0,0,0,0,0,1,0,0,0,0,0,0,1,0,0
1542,1453.0,1,0,0,0,0,0,0,0,0,0,0,1,0,0,0,0,0,0,1,0,0
1543,1799.5,1,0,0,0,0,0,0,0,0,0,0,1,0,0,0,0,0,0,1,0,0
1544,1473.0,1,0,0,0,0,0,0,0,0,0,0,1,0,0,0,0,0,0,1,0,0
1545,2706.0,1,0,0,0,0,0,0,0,0,0,0,1,0,0,0,0,0,0,1,0,0
1546,1171.5,1,0,0,0,0,0,0,0,0,0,0,1,0,0,0,0,0,0,1,0,0
1547,1371.0,1,1,1,0,0,0,0,0,0,0,0,1,0,0,0,0,0,0,1,0,0
1548,812.5,1,1,1,0,1,1,1,0,0,0,0,1,0,0,0,0,0,0,1,0,0
1549,292.5,1,0,1,0,1,1,0,0,0,0,0,1,0,0,0,0,0,0,1,0,0
1550,1878.0,1,1,1,0,0,0,0,0,0,0,0,1,0,0,0,0,0,0,1,0,0
1551,1716.5,1,1,1,0,0,0,0,0,0,0,0,1,0,0,0,0,0,0,1,0,0
1552,1968.5,1,0,0,0,0,0,0,0,0,0,0,1,0,0,0,0,0,0,1,0,0
1553,1242.0,1,0,0,0,0,0,0,0,0,0,0,1,0,0,0,0,0,0,1,0,0
1554,1110.0,1,0,0,0,0,0,0,0,0,0,0,1,0,0,0,0,0,0,1,0,0
1555,2115.5,1,0,0,0,0,0,0,0,0,0,0,1,0,0,0,0,0,0,1,0,0
1556,1896.5,1,0,0,0,0,0,0,0,0,0,0,1,0,0,0,0,0,0,1,0,0
1557,1490.0,1,0,0,0,0,0,0,0,0,0,0,1,0,0,0,0,0,0,1,0,0
1558,216.0,0,0,0,0,0,0,0,0,0,0,0,1,0,0,0,0,0,0,1,0,0
1559,1134.5,1,1,0,0,0,0,0,0,0,0,0,1,0,0,0,0,0,0,1,0,0
1560,1245.0,1,0,0,0,0,0,0,0,0,0,0,1,0,0,0,0,0,0,1,0,0
1561,1412.5,1,0,0,0,0,0,0,0,0,0,0,1,0,0,0,0,0,0,1,0,0
1562,1489.5,1,0,0,0,0,0,0,0,0,0,0,1,0,0,0,0,0,0,1,0,0
1563,1744.0,1,0,0,0,0,0,0,0,0,0,0,1,0,0,0,0,0,0,1,0,0
1564,1881.5,1,0,0,0,0,0,0,0,0,0,0,1,0,0,0,0,0,0,1,0,0
1565,1916.5,1,0,0,0,0,0,0,0,0,0,0,1,0,0,0,0,0,0,1,0,0
1566,2239.0,1,0,1,0,0,0,0,0,0,0,0,1,0,0,0,0,0,0,1,0,0
1567,1917.0,1,0,0,0,0,0,0,0,0,0,0,1,0,0,0,0,0,0,1,0,0
1568,2164.0,1,0,0,0,0,0,0,0,0,0,0,1,0,0,0,0,0,0,1,0,0
1569,1188.5,1,0,0,0,0,0,0,0,0,0,0,1,0,0,0,0,0,0,1,0,0
1570,1161.5,1,0,0,0,0,0,0,0,0,0,0,1,0,0,0,0,0,0,1,0,0
1571,1970.5,1,0,0,0,0,0,0,0,0,0,0,1,0,0,0,0,0,0,1,0,0
1572,1239.0,1,0,0,0,0,0,0,0,0,0,0,1,0,0,0,0,0,0,1,0,0
1573,1142.0,0,0,0,0,0,0,0,0,0,0,0,1,0,0,0,0,0,0,1,0,0
1574,1212.0,0,0,0,0,0,0,0,0,0,0,0,1,0,0,0,0,0,0,1,0,0
1575,577.5,0,0,0,0,0,0,0,0,0,0,0,1,0,0,0,0,0,0,1,0,0
1576,1034.0,0,0,0,0,0,0,0,0,0,0,0,1,0,0,0,0,0,0,1,0,0
1577,1870.5,1,0,0,0,0,0,0,0,0,0,0,1,0,0,0,0,0,0,1,0,0
1578,1560.0,1,0,0,0,0,0,0,0,0,0,0,1,0,0,0,0,0,0,1,0,0
1579,4169.5,0,0,0,0,0,0,0,0,0,0,0,1,0,0,0,0,0,0,1,0,0
1580,4930.5,0,0,0,0,0,0,0,0,0,0,0,1,0,0,0,0,0,0,1,0,0
1581,2919.0,0,0,0,0,0,0,0,0,0,0,0,1,0,0,0,0,0,0,1,0,0
1582,1110.5,0,0,0,0,0,0,0,0,0,0,0,1,0,0,0,0,0,0,1,0,0
1583,3679.0,0,0,0,0,0,0,0,0,0,0,0,1,0,0,0,0,0,0,1,0,0
1584,3330.5,0,0,0,0,0,0,0,0,0,0,0,1,0,0,0,0,0,0,1,0,0
1585,2439.0,0,0,0,0,0,0,0,0,0,0,0,1,0,0,0,0,0,0,1,0,0
1586,797.5,0,0,0,0,0,0,0,0,0,0,0,1,0,0,0,0,0,0,1,0,0
1587,494.5,0,0,0,0,0,0,0,0,0,0,0,1,0,0,0,0,0,0,1,0,0
1588,471.0,0,0,0,0,0,0,0,0,0,0,0,1,0,0,0,0,0,0,1,0,0
1589,4523.5,1,1,0,0,0,0,0,0,0,0,0,1,0,0,0,0,0,0,1,0,0
1590,4037.0,0,0,0,0,0,0,0,0,0,0,1,0,0,0,0,0,0,0,1,0,0
1591,2441.0,1,0,0,0,0,0,0,0,0,0,0,1,0,0,0,0,0,0,1,0,0
1592,1050.0,0,0,0,0,0,0,0,0,0,0,1,0,0,0,0,0,0,0,1,0,0
1593,1535.5,0,0,0,0,0,0,0,0,0,0,1,0,0,0,0,0,0,0,1,0,0
1594,1692.0,0,0,0,0,0,0,0,0,0,0,1,0,0,0,0,0,0,0,1,0,0
1595,1714.0,0,0,0,0,0,0,0,0,0,0,1,0,0,0,0,0,0,0,1,0,0
1596,2234.5,1,0,0,0,0,0,0,0,0,0,1,0,0,0,0,0,0,0,1,0,0
1597,873.0,1,0,0,0,0,0,0,0,0,0,1,0,0,0,0,0,0,0,1,0,0
1598,1264.0,1,0,0,0,0,0,0,0,0,0,1,0,0,0,0,0,0,0,1,0,0
1599,2427.0,1,0,0,0,0,0,0,0,0,0,1,0,0,0,0,0,0,0,1,0,0
1600,5361.5,0,0,0,0,0,0,0,0,0,0,1,0,0,0,0,0,0,0,1,0,0
1601,2965.5,1,0,0,0,0,0,0,0,0,0,1,0,0,0,0,0,0,0,1,0,0
1602,5447.5,1,0,0,0,0,0,0,0,0,0,1,0,0,0,0,0,0,0,1,0,0
1603,2891.0,1,0,0,0,0,0,0,0,0,0,1,0,0,0,0,0,0,0,1,0,0
1604,1317.0,1,0,0,0,0,0,0,0,0,0,1,0,0,0,0,0,0,0,1,0,0
1605,5253.0,1,0,0,0,0,0,0,0,0,0,1,0,0,0,0,0,0,0,1,0,0
1606,1172.0,1,0,0,0,0,0,0,0,0,0,1,0,0,0,0,0,0,0,1,0,0
1607,2156.5,1,0,0,0,0,0,0,0,0,0,1,0,0,0,0,0,0,0,1,0,0
1608,5147.5,1,0,0,0,0,0,0,0,0,0,1,0,0,0,0,0,0,0,1,0,0
1609,5251.5,1,0,0,0,0,0,0,0,0,0,1,0,0,0,0,0,0,0,1,0,0
1610,5451.5,1,0,0,0,0,0,0,0,0,0,1,0,0,0,0,0,0,0,1,0,0
1611,4285.0,1,0,0,0,0,0,0,0,0,0,1,0,0,0,0,0,0,0,1,0,0
1612,5592.5,1,0,0,0,0,0,0,0,0,0,1,0,0,0,0,0,0,0,1,0,0
1613,1846.0,0,0,0,0,0,0,0,0,0,0,0,1,0,0,0,0,0,0,1,0,0
1614,1353.5,1,0,0,0,0,0,0,0,0,0,0,1,0,0,0,0,0,0,1,0,0
1615,1200.5,1,0,0,0,0,0,0,0,0,0,0,1,0,0,0,0,0,0,1,0,0
1616,1612.5,1,0,0,0,0,0,0,0,0,0,0,1,0,0,0,0,0,0,1,0,0
1617,3658.0,1,0,0,0,0,0,0,0,0,0,0,1,0,0,0,0,0,0,1,0,0
1618,2222.5,1,0,0,0,0,0,0,0,0,0,0,1,0,0,0,0,0,0,1,0,0
1619,2245.0,1,0,0,0,0,0,0,0,0,0,0,1,0,0,0,0,0,0,1,0,0
1620,1175.5,1,0,0,0,0,0,0,0,0,0,0,1,0,0,0,0,0,0,1,0,0
1621,1485.5,1,0,0,0,0,0,0,0,0,0,0,1,0,0,0,0,0,0,1,0,0
1622,524.0,0,0,0,0,1,1,0,0,0,0,0,1,0,0,0,0,0,0,1,0,0
1623,5068.5,1,0,0,0,0,0,0,0,0,0,0,1,0,0,0,0,0,0,1,0,0
1624,1390.5,1,0,0,0,0,0,0,0,0,0,0,1,0,0,0,0,0,0,1,0,0
1625,5181.5,1,0,0,0,0,0,0,0,0,0,0,1,0,0,0,0,0,0,1,0,0
1626,1096.0,0,0,0,0,0,0,0,0,0,0,1,0,0,0,0,0,0,0,1,0,0
1627,2355.0,0,0,0,0,0,0,0,0,0,0,1,0,0,0,0,0,0,0,1,0,0
1628,2382.5,0,0,0,0,0,0,0,0,0,0,1,0,0,0,0,0,0,0,1,0,0
1629,1124.5,1,0,0,0,0,0,0,0,0,0,0,1,0,0,0,0,0,0,1,0,0
1630,2148.5,1,0,0,0,0,0,0,0,0,0,0,1,0,0,0,0,0,0,1,0,0
1631,1741.5,1,0,0,0,0,0,0,0,0,0,0,1,0,0,0,0,0,0,1,0,0
1632,1411.5,1,0,0,0,0,0,0,0,0,0,0,1,0,0,0,0,0,0,1,0,0
1633,1318.5,1,0,0,0,0,0,0,0,0,0,0,1,0,0,0,0,0,0,1,0,0
1634,1000.5,1,0,0,0,0,0,0,0,0,0,0,1,0,0,0,0,0,0,1,0,0
1635,700.5,0,0,0,0,0,0,0,0,0,0,0,1,0,0,0,0,0,0,1,0,0
1636,296.5,1,1,0,0,0,0,0,0,0,0,0,1,0,0,0,0,0,0,1,0,0
1637,222.5,0,0,0,0,0,0,0,0,0,0,1,0,0,0,0,0,0,0,1,0,0
1638,417.5,0,0,0,0,0,0,0,0,0,0,1,0,0,0,0,0,0,0,1,0,0
1639,391.0,0,0,0,0,0,0,0,0,0,0,1,0,0,0,0,0,0,0,1,0,0
1640,911.5,1,0,0,0,0,0,0,0,0,0,1,0,0,0,0,0,0,0,1,0,0
1641,5061.0,1,0,0,0,0,0,0,0,0,0,1,0,0,0,0,0,0,0,1,0,0
1642,1797.0,0,0,0,0,0,0,0,0,0,0,0,1,0,0,0,0,0,0,1,0,0
1643,2092.0,1,0,0,0,0,0,0,0,0,0,0,1,0,0,0,0,0,0,1,0,0
1644,924.5,1,0,0,0,0,0,0,0,0,0,0,1,0,0,0,0,0,0,1,0,0
1645,1205.5,1,1,0,0,0,0,0,0,0,0,0,1,0,0,0,0,0,0,1,0,0
1646,1164.5,1,0,0,0,0,0,0,0,0,0,0,1,0,0,0,0,0,0,1,0,0
1647,1864.5,0,0,0,0,0,0,0,0,0,0,0,1,0,0,0,0,0,0,1,0,0
1648,1979.0,1,0,0,0,0,0,0,0,0,0,0,1,0,0,0,0,0,0,1,0,0
1649,1685.5,1,0,0,0,0,0,0,0,0,0,0,1,0,0,0,0,0,0,1,0,0
1650,1818.0,1,0,0,0,0,0,0,0,0,0,0,1,0,0,0,0,0,0,1,0,0
1651,1633.5,1,0,0,0,0,0,0,0,0,0,0,1,0,0,0,0,0,0,1,0,0
1652,2206.0,0,0,0,0,0,0,0,0,0,0,0,1,0,0,0,0,0,0,1,0,0
1653,614.5,0,0,0,0,0,0,0,0,0,0,1,0,0,0,0,0,0,0,1,0,0
1654,637.5,0,0,0,0,0,0,0,0,0,0,1,0,0,0,0,0,0,0,1,0,0
1655,855.5,0,0,0,0,0,0,0,0,0,0,1,0,0,0,0,0,0,0,1,0,0
1656,1238.0,0,0,0,0,0,0,0,0,0,0,1,0,0,0,0,0,0,0,1,0,0
1657,1347.5,0,0,0,0,0,0,0,0,0,0,1,0,0,0,0,0,0,0,1,0,0
1658,1617.5,1,0,0,0,0,0,0,0,0,0,0,1,0,0,0,0,0,0,1,0,0
1659,3634.5,0,0,0,0,0,0,0,0,0,0,0,1,0,0,0,0,0,0,1,0,0
1660,2422.5,1,1,0,0,0,0,0,0,0,0,1,0,0,0,0,0,0,0,1,0,0
1661,218.0,0,0,0,0,0,0,0,0,0,0,1,0,0,0,0,0,0,0,1,0,0
1662,224.5,0,0,0,0,0,0,0,0,0,0,1,0,0,0,0,0,0,0,1,0,0
1663,230.5,0,0,0,0,0,0,0,0,0,0,1,0,0,0,0,0,0,0,1,0,0
1664,3103.5,0,0,0,0,0,0,0,0,0,0,1,0,0,0,0,0,0,0,1,0,0
1665,3983.0,0,0,0,0,0,0,0,0,0,0,1,0,0,0,0,0,0,0,1,0,0
1666,5279.5,0,0,0,0,0,0,0,0,0,0,1,0,0,0,0,0,0,0,1,0,0
1667,151.0,1,0,1,0,0,0,0,0,0,0,1,0,0,0,0,0,0,0,1,0,0
1668,2251.0,1,0,1,0,0,0,0,0,0,0,1,0,0,0,0,0,0,0,1,0,0
1669,4652.0,0,0,0,0,0,0,0,0,0,0,0,1,0,0,0,0,0,0,1,0,0
1670,2120.5,1,0,0,0,0,0,0,0,0,0,1,0,0,0,0,0,0,0,1,0,0
1671,5090.5,1,1,0,0,0,0,0,0,0,0,1,0,0,0,0,0,0,0,1,0,0
1672,1442.0,1,0,0,0,0,0,0,0,0,0,0,1,0,0,0,0,0,0,1,0,0
1673,1360.5,1,0,0,0,0,0,0,0,0,0,0,1,0,0,0,0,0,0,1,0,0
1674,2162.0,1,0,0,0,0,0,0,0,0,0,0,1,0,0,0,0,0,0,1,0,0
1675,1954.5,1,0,0,0,0,0,0,0,0,0,0,1,0,0,0,0,0,0,1,0,0
1676,2152.5,1,0,0,0,0,0,0,0,0,0,0,1,0,0,0,0,0,0,1,0,0
1677,195.5,0,0,0,0,1,1,0,0,0,0,0,1,0,0,0,0,0,0,1,0,0
1678,141.5,0,0,0,0,1,1,0,0,0,0,0,1,0,0,0,0,0,0,1,0,0
1679,852.0,1,0,0,0,0,0,0,0,0,0,0,1,0,0,0,0,0,0,1,0,0
1680,356.5,1,0,0,0,0,0,0,0,0,0,0,1,0,0,0,0,0,0,1,0,0
1681,2053.0,1,0,0,0,0,0,0,0,0,0,0,1,0,0,0,0,0,0,1,0,0
1682,818.0,0,0,0,0,1,1,0,0,0,0,0,1,0,0,0,0,0,0,1,0,0
1683,1189.0,1,0,0,0,0,0,0,0,0,0,0,1,0,0,0,0,0,0,1,0,0
1684,1794.5,1,0,0,0,0,0,0,0,0,0,0,1,0,0,0,0,0,0,1,0,0
1685,4445.0,1,1,0,0,0,0,0,0,0,0,0,1,0,0,0,0,0,0,1,0,0
1686,1562.0,1,0,0,0,0,0,0,0,0,0,0,1,0,0,0,0,0,0,1,0,0
1687,1684.0,1,0,0,0,0,0,0,0,0,0,0,1,0,0,0,0,0,0,1,0,0
1688,1730.0,1,0,0,0,0,0,0,0,0,0,0,1,0,0,0,0,0,0,1,0,0
1689,1813.0,1,0,0,0,0,0,0,0,0,0,0,1,0,0,0,0,0,0,1,0,0
1690,1938.0,1,0,0,0,0,0,0,0,0,0,0,1,0,0,0,0,0,0,1,0,0
1691,2241.5,1,0,0,0,0,0,0,0,0,0,0,1,0,0,0,0,0,0,1,0,0
1692,2414.0,1,0,0,0,0,0,0,0,0,0,0,1,0,0,0,0,0,0,1,0,0
1693,2545.5,1,0,0,0,0,0,0,0,0,0,0,1,0,0,0,0,0,0,1,0,0
1694,2852.5,1,0,0,0,0,0,0,0,0,0,0,1,0,0,0,0,0,0,1,0,0
1695,1088.0,1,0,0,0,0,0,0,0,0,0,0,1,0,0,0,0,0,0,1,0,0
1696,1085.5,1,0,0,0,0,0,0,0,0,0,0,1,0,0,0,0,0,0,1,0,0
1697,1010.5,1,0,0,0,0,0,0,0,0,0,0,1,0,0,0,0,0,0,1,0,0
1698,1081.5,1,0,0,0,0,0,0,0,0,0,0,1,0,0,0,0,0,0,1,0,0
1699,1008.0,1,0,0,0,0,0,0,0,0,0,0,1,0,0,0,0,0,0,1,0,0
1700,1071.5,1,0,0,0,0,0,0,0,0,0,0,1,0,0,0,0,0,0,1,0,0
1701,2785.5,1,0,1,0,0,0,0,0,0,0,0,1,0,0,0,0,0,0,1,0,0
1702,2696.0,1,0,1,0,0,0,0,0,0,0,0,1,0,0,0,0,0,0,1,0,0
1703,2527.0,1,0,1,0,0,0,0,0,0,0,0,1,0,0,0,0,0,0,1,0,0
1704,2856.5,1,0,1,0,0,0,0,0,0,0,0,1,0,0,0,0,0,0,1,0,0
1705,2783.5,1,0,1,0,0,0,0,0,0,0,0,1,0,0,0,0,0,0,1,0,0
1706,2805.5,1,0,1,0,0,0,0,0,0,0,0,1,0,0,0,0,0,0,1,0,0
1707,2804.0,1,0,1,0,0,0,0,0,0,0,0,1,0,0,0,0,0,0,1,0,0
1708,2532.0,1,0,1,0,0,0,0,0,0,0,0,1,0,0,0,0,0,0,1,0,0
1709,2798.0,1,0,1,0,0,0,0,0,0,0,0,1,0,0,0,0,0,0,1,0,0
1710,2523.5,1,0,1,0,0,0,0,0,0,0,0,1,0,0,0,0,0,0,1,0,0
1711,2529.0,1,0,1,0,0,0,0,0,0,0,0,1,0,0,0,0,0,0,1,0,0
1712,2805.5,1,0,1,0,0,0,0,0,0,0,0,1,0,0,0,0,0,0,1,0,0
1713,1077.0,1,0,1,0,0,0,0,0,0,0,0,1,0,0,0,0,0,0,1,0,0
1714,1365.0,1,0,1,0,0,0,0,0,0,0,0,1,0,0,0,0,0,0,1,0,0
1715,1367.5,1,0,1,0,0,0,0,0,0,0,0,1,0,0,0,0,0,0,1,0,0
1716,2937.5,1,1,0,0,0,0,0,0,0,0,0,1,0,0,0,0,0,0,1,0,0
1717,2423.5,1,1,0,0,0,0,0,0,0,0,0,1,0,0,0,0,0,0,1,0,0
1718,4403.0,1,1,0,0,0,0,0,0,0,0,0,1,0,0,0,0,0,0,1,0,0
1719,1450.5,1,1,0,0,0,0,0,0,0,0,0,1,0,0,0,0,0,0,1,0,0
1720,3424.0,1,1,0,0,0,0,0,0,0,0,0,1,0,0,0,0,0,0,1,0,0
1721,4553.5,1,1,0,0,0,0,0,0,0,0,0,1,0,0,0,0,0,0,1,0,0
1722,4634.5,1,1,0,0,0,0,0,0,0,0,0,1,0,0,0,0,0,0,1,0,0
1723,1360.0,1,0,0,0,0,0,0,0,0,0,0,1,0,0,0,0,0,0,1,0,0
1724,1451.5,1,0,0,0,0,0,0,0,0,0,0,1,0,0,0,0,0,0,1,0,0
1725,1324.0,1,0,0,0,0,0,0,0,0,0,0,1,0,0,0,0,0,0,1,0,0
1726,2250.5,1,0,0,0,0,0,0,0,0,0,0,1,0,0,0,0,0,0,1,0,0
1727,1517.5,1,0,0,0,0,0,0,0,0,0,0,1,0,0,0,0,0,0,1,0,0
1728,1654.0,1,0,0,0,0,0,0,0,0,0,0,1,0,0,0,0,0,0,1,0,0
1729,1262.5,1,0,0,0,0,0,0,0,0,0,0,1,0,0,0,0,0,0,1,0,0
1730,1614.5,1,0,0,0,0,0,0,0,0,0,0,1,0,0,0,0,0,0,1,0,0
1731,721.0,0,0,0,0,0,0,0,0,0,0,0,1,0,0,0,0,0,0,1,0,0
1732,793.0,0,0,0,0,0,0,0,0,0,0,0,1,0,0,0,0,0,0,1,0,0
1733,298.0,0,0,0,0,0,0,0,0,0,0,0,1,0,0,0,0,0,0,1,0,0
1734,1240.5,0,0,0,0,0,0,0,0,0,0,0,1,0,0,0,0,0,0,1,0,0
1735,1261.0,1,1,0,0,0,0,0,0,0,0,0,1,0,0,0,0,0,0,1,0,0
1736,3159.5,1,1,0,0,0,0,0,0,0,0,0,1,0,0,0,0,0,0,1,0,0
1737,5183.5,1,1,0,0,0,0,0,0,0,0,0,1,0,0,0,0,0,0,1,0,0
1738,409.0,1,0,0,0,1,1,1,1,1,1,0,1,0,0,0,0,0,0,1,0,0
1739,380.0,1,0,0,0,1,1,0,1,1,1,0,1,0,0,0,0,0,0,1,0,0
1740,1900.0,1,0,0,0,1,1,0,1,1,1,0,1,0,0,0,0,0,0,1,0,0
1741,630.0,1,0,0,0,1,1,0,1,1,1,0,1,0,0,0,0,0,0,1,0,0
1742,485.0,0,0,0,1,0,0,0,0,0,0,0,1,0,0,0,0,0,0,1,0,0
1743,190.0,0,0,0,0,1,1,0,0,0,1,0,1,0,0,0,0,0,0,1,0,0
1744,175.0,0,0,0,0,1,1,1,0,0,1,0,1,0,0,0,0,0,0,1,0,0
1745,430.0,0,0,0,0,0,0,0,0,0,0,0,1,0,0,0,0,0,0,1,0,0
1746,345.0,0,0,0,0,1,1,1,0,0,1,0,1,0,0,0,0,0,0,1,0,0
1747,230.0,0,0,0,0,0,0,0,0,1,1,0,1,0,0,0,0,0,0,1,0,0
1748,250.0,0,0,0,0,0,0,0,0,1,1,0,1,0,0,0,0,0,0,1,0,0
1749,341.0,0,0,0,0,0,0,0,0,0,0,1,0,0,0,0,0,0,0,1,0,0
1750,260.5,0,0,0,0,0,0,0,0,0,0,1,0,0,0,0,0,0,0,1,0,0
1751,351.0,0,0,0,0,0,0,0,0,0,0,1,0,0,0,0,0,0,0,1,0,0
1752,399.0,0,0,0,0,0,0,0,0,0,0,1,0,0,0,0,0,0,0,1,0,0
1753,393.0,0,0,0,0,0,0,0,0,0,0,1,0,0,0,0,0,0,0,1,0,0
1754,247.5,0,0,0,0,0,0,0,0,0,0,1,0,0,0,0,0,0,0,1,0,0
1755,889.5,0,0,0,0,0,0,0,0,0,0,1,0,0,0,0,0,0,0,1,0,0
1756,1370.0,1,0,0,0,0,0,0,0,0,0,0,1,0,0,0,0,0,0,1,0,0
1757,1245.5,1,0,0,0,0,0,0,0,0,0,0,1,0,0,0,0,0,0,1,0,0
1758,1160.0,0,0,1,0,0,0,0,0,0,0,0,1,0,0,0,0,0,0,1,0,0
1759,1691.0,0,0,1,0,0,0,0,0,0,0,0,1,0,0,0,0,0,0,1,0,0
1760,1080.0,0,0,1,0,0,0,0,0,0,0,0,1,0,0,0,0,0,0,1,0,0
1761,723.0,0,0,0,0,0,0,0,1,0,0,1,0,0,0,0,0,0,0,1,0,0
1762,617.0,0,0,0,0,0,0,0,1,0,1,1,0,0,0,0,0,0,0,1,0,0
1763,814.0,0,0,0,0,0,0,0,1,0,0,1,0,0,0,0,0,0,0,1,0,0
1764,818.0,0,0,0,0,0,0,0,1,0,0,1,0,0,0,0,0,0,0,1,0,0
1765,861.5,0,0,0,0,0,0,0,1,0,0,1,0,0,0,0,0,0,0,1,0,0
1766,853.5,0,0,0,0,0,0,0,1,0,0,1,0,0,0,0,0,0,0,1,0,0
1767,863.0,0,0,0,0,0,0,0,1,0,0,1,0,0,0,0,0,0,0,1,0,0
1768,810.5,0,0,0,0,0,0,0,1,0,0,1,0,0,0,0,0,0,0,1,0,0
1769,625.5,0,0,0,0,0,0,0,1,0,1,1,0,0,0,0,0,0,0,1,0,0
1770,614.5,0,0,0,0,0,0,0,1,0,1,1,0,0,0,0,0,0,0,1,0,0
1771,697.5,0,0,0,0,0,0,0,1,0,1,1,0,0,0,0,0,0,0,1,0,0
1772,737.5,0,0,0,0,0,0,0,1,0,0,1,0,0,0,0,0,0,0,1,0,0
1773,737.0,0,0,0,0,0,0,0,1,0,1,1,0,0,0,0,0,0,0,1,0,0
1774,853.5,0,0,0,0,0,0,0,1,0,1,1,0,0,0,0,0,0,0,1,0,0
1775,694.0,0,0,0,0,0,0,0,1,0,0,1,0,0,0,0,0,0,0,1,0,0
1776,736.0,0,0,0,0,0,0,0,1,0,0,1,0,0,0,0,0,0,0,1,0,0
1777,608.0,0,0,0,0,0,0,0,1,0,1,1,0,0,0,0,0,0,0,1,0,0
1778,583.0,0,0,0,0,0,0,0,1,0,0,1,0,0,0,0,0,0,0,1,0,0
1779,914.0,0,0,0,0,0,0,0,1,0,0,1,0,0,0,0,0,0,0,1,0,0
1780,603.0,1,1,1,0,0,1,1,1,0,1,1,0,0,0,0,0,0,0,1,0,0
1781,601.5,1,1,1,0,0,1,1,1,0,1,1,0,0,0,0,0,0,0,1,0,0
1782,582.0,1,1,1,0,0,1,1,1,0,1,1,0,0,0,0,0,0,0,1,0,0
1783,522.5,1,1,1,0,0,1,1,1,0,1,1,0,0,0,0,0,0,0,1,0,0
1784,614.0,1,1,1,0,0,1,1,1,0,1,1,0,0,0,0,0,0,0,1,0,0
1785,228.0,0,0,0,0,0,0,0,0,0,1,1,0,0,0,0,0,0,0,1,0,0
1786,730.0,0,0,0,0,0,0,0,0,0,0,1,0,0,0,0,0,0,0,1,0,0
1787,595.0,0,0,0,0,0,0,0,0,0,0,1,0,0,0,0,0,0,0,1,0,0
1788,607.5,0,0,0,0,0,0,0,0,0,0,1,0,0,0,0,0,0,0,1,0,0
1789,615.0,0,0,0,0,0,0,0,0,0,0,1,0,0,0,0,0,0,0,1,0,0
1790,607.0,0,0,0,0,0,0,0,0,0,0,1,0,0,0,0,0,0,0,1,0,0
1791,625.5,1,0,1,0,0,0,0,0,0,1,1,0,0,0,0,0,0,0,1,0,0
